Author,Author_ID
Arthur Conan Doyle,A0001
Stephen Hawking,A0002
Khaled Hosseini,A0003
Matthew McConaughey,A0004
Will Storr,A0005
J.K. Rowling,A0006
Shrayana Bhattacharya,A0007
Blake Snyder,A0008
Syd Field,A0009
David Nicholls,A0010
NEENA GUPTA,A0011
Maharani Gayatri,A0012
John Truby,A0013
Studio Ghibli,A0014
Robert McKee,A0015
Matthew Polly,A0016
Sir David Attenborough,A0017
Satyajit Ray,A0018
Arvind Mandloi,A0019
Abhijat Joshi,A0020
Baradwaj Rangan,A0021
Francois Truffaut,A0022
Ashish Rajadhyaksha,A0023
Anirudha Bhattacharjee,A0024
Dr Ruplekha Khullar & Sulagna Pal,A0025
Girish Karnad,A0026
Light Bulb Quizzes,A0027
Michael Dante DiMartino,A0028
David Mamet,A0029
MinaLima,A0030
Frank Thomas,A0031
Rajendra Yadav,A0032
Jill Chamberlain,A0033
Dean Movshovitz,A0034
Manju Gupta,A0035
Gulzar (In conversation with Nasreen Munni Kabir),A0036
Will Smith,A0037
pallavi rg,A0038
Ashis Ghatak,A0039
Fay Keenan,A0040
Rajendra Yadav & Basu Chatterji,A0041
Kunal Sen,A0042
Christopher Nolan,A0043
Kip Thorne,A0044
Daniel Calvisi,A0045
Richard E. Williams,A0046
BTS and Myeongseok Kang,A0047
Julia Cameron,A0048
Trinity College London Press,A0049
Taylor Jenkins Reid,A0050
SIX STRING MUSIC,A0051
Trinity College London,A0052
Joanna Clarke,A0053
John Thompson,A0054
Sarah Adams,A0055
Edited by Dr. Kumar Vishwas Jon (Jaun Elia),A0056
Willard Palmer,A0057
Giri,A0058
Hal Leonard,A0059
Patti Smith,A0060
Pandit Vishnu Narayan Bhatkhande,A0061
Pt. Harishchandra Shrivastava,A0062
Sri Ekha Subba Rao,A0063
Willard A Palmer,A0064
ABRSM,A0065
Sanchita Pandey,A0066
Nasreen Munni Kabir Gulzar,A0067
Dr. Tejsingh Taak,A0068
Pt. Satish Chandra Srivastava,A0069
Nancy Faber,A0070
Sangeetha Vidwan A.S. Panchapakesa Iyer,A0071
Aishi,A0072
Luke Zecchin,A0073
Ajay Mankotia,A0074
ABRSM Publication,A0075
A. Dannhäuser,A0076
Andrew O'Neill,A0077
Samuel Beckett,A0078
Manmohan Ghosh,A0079
Manu S. Pillai,A0080
William Shakespeare,A0081
அஞ்சனா  சுபி,A0082
Katie Bailey,A0083
Denise Stone,A0084
சுகமதி Sugamathi,A0085
Anton Chekhov,A0086
Aristotle,A0087
Scott Dikkers,A0088
Tr. B.V. Karant Girish Karnad,A0089
Howard Kissel,A0090
Ebin Rider,A0091
Jimmy Carr,A0092
Constantin Stanislavski,A0093
Matthew Dicks,A0094
Kale V.P.,A0095
Kris Malkiewicz,A0096
A.C. Woolner Lakshman Sarup,A0097
James Acaster,A0098
Neil Gaiman,A0099
Cooper The Pooper,A0100
Chris Johnston,A0101
Lata Jha,A0102
Pankaj Gupta,A0103
Jeannette Nelson,A0104
Michael Patterson,A0105
Dennis Longwell,A0106
Sonia Mehta,A0107
Marcel Proust,A0108
Adam Kisiel,A0109
Shea Serrano,A0110
Daniel Sloss,A0111
Thiyashi Vijay,A0112
Manav Kaul,A0113
Geoffrey D Calhoun,A0114
Ashish Arora,A0115
Alex Michaelides,A0116
Vincent Van Gogh,A0117
Bruno Munari,A0118
Rashid Yasin,A0119
Sheelwant Singh,A0120
Geronimo Stilton,A0121
Leatrice Eiseman,A0122
Dan Fox,A0123
Career Launcher,A0124
GKP,A0125
Milind Mulick,A0126
Jinisha Jain,A0127
ஜில் ஜில்  சிங்காரி ,A0128
Dr Majid Husain,A0129
Kulpreet Yadav,A0130
Flame Tree Studio,A0131
Pankaj Dubey/पंकज दुबे,A0132
Lucius Annaeus Seneca,A0133
John Berger,A0134
Susan Magsamen,A0135
Ingo F. Walther,A0136
Beth Kempton,A0137
G. Subba Rao  & P N  Roychowdhury,A0138
Lionel Barber,A0139
Barbara Tversky,A0140
Michael Oppitz,A0141
Eric Grzymkowski,A0142
Albert Camus,A0143
Vasudeo Kamath,A0144
Martin Puchner,A0145
Cory Carrera,A0146
Steve Edwards,A0147
Mitch Albom,A0148
Madhavi Ravindra Mahajani,A0149
Brahmanandam,A0150
Chitra Banerjee Divakaruni,A0151
William H. McRaven,A0152
Murty Sudha,A0153
Paramahansa Yogananda,A0154
Anne Frank,A0155
K.J.S. Dhillon,A0156
Eric Jorgenson,A0157
Morgan Housel,A0158
ABHISHEK B,A0159
ASHNEER GROVER,A0160
Anurag Pathak,A0161
Wonder House Books,A0162
Nathuram Godse,A0163
Phil Knight,A0164
Nikola Tesla,A0165
DR BRIAN WEISS,A0166
Yatish Kumar,A0167
Acharya Chanakya,A0168
Bhagat Singh,A0169
Jaun Elia,A0170
William Walker Atkinson,A0171
Mahatma Gandhi,A0172
Neerja Chowdhury,A0173
Peter Lynch,A0174
Jagdish Ohol,A0175
Simon Sinek,A0176
Charles T. Munger,A0177
DR APJ ABDUL KALAM,A0178
MAHESH DUTT SHARMA,A0179
YOGANANDA,A0180
Borin Van Loon,A0181
Saurabh Mukherjea,A0182
Dolly Alderton,A0183
Sudha Murty,A0184
Sri M,A0185
Vikram Sampath,A0186
Swapnil Pandey,A0187
Victor E. Frankl,A0188
Basant Maheshwari,A0189
Ramdhari Singh Dinkar,A0190
Aroor Shiv & Singh Rahul,A0191
Safir Anand,A0192
Eddie Jaku,A0193
Lt Gen. K.J.S. ‘Tiny’ Dhillon,A0194
Caroline Mitchell,A0195
JOSEPH ANNAMKUTTY JOSE,A0196
Michael Bar-Zohar,A0197
Carol S. Dweck,A0198
Rahul Singh,A0199
Viktor E Frankl,A0200
Shiv Aroor; Rahul Singh,A0201
GANA,A0202
Various,A0203
Romulus Whitaker,A0204
Elena Favilli,A0205
Chander M. Lall,A0206
Murty Sudha (Ed.),A0207
Priya Jagannathan,A0208
Chandrachur Ghose & Anuj Dhar,A0209
Dandy Smith,A0210
ப்ரியா  ஜெகன்நாதன்,A0211
Edith Eger,A0212
Solomon Northup,A0213
S. Hussain Zaidi,A0214
Jim Corbett,A0215
Anita Moorjani,A0216
Dr.B.UMADATHAN,A0217
Harish Bhat,A0218
Stephen R. Covey,A0219
Sunil Gurjar,A0220
Matthew R. Kratter,A0221
Robert T. Kiyosaki,A0222
Leil Lowndes,A0223
Robin Sharma,A0224
Daniel Kahneman,A0225
Peter Thiel,A0226
George S. Clason,A0227
Benjamin Graham,A0228
Cal Newport,A0229
Ali Abdaal,A0230
Mikael Krogerus,A0231
Shelley Vishwajeet,A0232
Dale Carnegie,A0233
Library Mindset,A0234
Chris Bailey,A0235
Mahesh Chandra Kaushik,A0236
Robert Greene,A0237
Monika Halan,A0238
"Rakshit; Uni Mukherjea, Saurabh; Ranjan",A0239
thibaut  meurisse,A0240
STEPHEN R COVEY,A0241
ROLF DOBELLI,A0242
morgan housel,A0243
Dr Spencer Johnson,A0244
Carol Dweck,A0245
Dr.Sudhir  Dixit,A0246
Indrazith Shantharaj,A0247
vaibhav khare,A0248
SINEK SIMON,A0249
PhD Robert B. Cialdini,A0250
Frank O Ochoa,A0251
Chris Voss,A0252
Ravi Patel,A0253
Joseph Murphy,A0254
Napoleon Hill,A0255
James Allen,A0256
Hivex Publication,A0257
Pixelpage Experts,A0258
Raghuram Rajan,A0259
Ramesh Singh,A0260
Sunil Gurjar (Chartmojo),A0261
B.K. Chaturvedi,A0262
Arihant Experts,A0263
Pankaj Goyal,A0264
W. Chan Kim,A0265
Carmine Gallo,A0266
Karl Marx,A0267
Pulak Prasad,A0268
Gautam Baid,A0269
Edwin Lefèvre,A0270
Adam Smith,A0271
Prasenjit Paul,A0272
Prafulla Wankhede,A0273
Ed Conway,A0274
Mahesh Chander Kaushik,A0275
Edwin Lefevre,A0276
JACK CANFIELD,A0277
Radhakrishnan Pillai,A0278
Howard Marks,A0279
Dr Anil Lamba,A0280
Kautilya,A0281
Dr. Shiv K Sarin,A0282
MJ DeMarco,A0283
"""AMAZINGBUY21""",A0284
Angela Duckworth,A0285
RIES ERIC,A0286
Nir Eyal,A0287
Chris Miller,A0288
John Doerr,A0289
Harit Nagpal,A0290
Caroline Criado Perez,A0291
Gregory Zuckerman,A0292
Zebra Learn,A0293
Ashlee Vance,A0294
Martin Kleppmann,A0295
John J. Murphy,A0296
Jack Farchy,A0297
Mariana Mazzucato,A0298
Will Guidara,A0299
BHASWATI BHATTACHARYA,A0300
Joy Bhattacharjya,A0301
Dr Robert Lustig,A0302
Renee A. Mauborgne,A0303
Sam Walton,A0304
Brad Stone,A0305
Sandeep K. Krishnan,A0306
Minakshi Dewan,A0307
PAVITRA KUMAR,A0308
Simon Johnson,A0309
Onkaar Nath Verma,A0310
Eric Ries,A0311
Colin Bryar,A0312
Robert T Kiyosaki,A0313
Rama Bijapurkar,A0314
Piyush Pandey,A0315
Damodar Mall,A0316
Vijaypat Singhania,A0317
Joe Coulombe,A0318
Sainath P.,A0319
Gene Kim,A0320
Eric Schmidt,A0321
L. Aruna Dhir,A0322
Ram Charan,A0323
Mike Chapple,A0324
Eric Carle,A0325
Carle Eric,A0326
Jill McDonald,A0327
Rachel Bright,A0328
,A0329
Cori Doerrfeld,A0330
Hannah Gold,A0331
Farzana Sarup,A0332
Peppa Pig,A0333
Guy Parker-Rees,A0334
LADYBIRD,A0335
Margaret Wise Brown,A0336
GERONIMO STILTON,A0337
Om Books Editorial Team,A0338
Anna Dewdney,A0339
Dreamland Publications,A0340
Julia Donaldson,A0341
SANJEEV SANYAL,A0342
Judith Kerr,A0343
Roald Dahl,A0344
Miriam Bos,A0345
Eric Hill,A0346
Karen Katz,A0347
Rick Riordan,A0348
Alice Schertle,A0349
Meomi,A0350
Zack Zombie,A0351
Oliver Jeffers,A0352
DK,A0353
Mo Willems,A0354
Brianna Caplan Sayres,A0355
Puffin India,A0356
Penguin India,A0357
Emily Bone,A0358
Watty Piper,A0359
Campbell Books,A0360
Richard Scarry,A0361
Terry Lesher,A0362
Max Brallier,A0363
Ladybird,A0364
Jeff Kinney,A0365
PRAN KUMAR SHARMA,A0366
Ruskin Bond,A0367
Team Pegasus,A0368
Dav Pilkey,A0369
Harini Gopalswami Srinivasan,A0370
STILTON GERONIMO,A0371
InIkao,A0372
Shubha Vilas,A0373
Frances Hodgson Burnett,A0374
Yuval Noah Harari,A0375
BENYAMIN,A0376
Ross Welford,A0377
Maple Press,A0378
Sumita Arora,A0379
Marcus Emerson,A0380
Adam Silvera,A0381
Eleanor Estes,A0382
Lucy Hawking,A0383
Arrikin Books,A0384
Stan Berenstain,A0385
Jill Esbaum,A0386
Dave Villager,A0387
Tish Rabe,A0388
Gareth Moore,A0389
GIKSO,A0390
USBORNE,A0391
Karen McManus,A0392
Holly Jackson,A0393
Enid Blyton,A0394
Jennifer Lynn Barnes,A0395
Agatha Christie,A0396
Karen M. McManus,A0397
CJ Loughty,A0398
BARNES JENNIFER LYNN,A0399
Carolyn G. Keene,A0400
Herge,A0401
Karen M McManus,A0402
Tahereh Mafi,A0403
Franklin W. Dixon,A0404
Louis Sachar,A0405
Robin Stevens,A0406
William Golding,A0407
Lena Jones,A0408
Hergé,A0409
thea stilton,A0410
Mark Haddon,A0411
SARADINDU BANDYOPADHYAY,A0412
Thea Stilton,A0413
Vaishali Jaiswal Srishti Agarwal ,A0414
"Rao N,D,V,Prasada",A0415
"Sanubia & Rashmi Gupta Sonal Singh & Ruchi Kapoor , Imran Ahmad ",A0416
NCERT,A0417
Vaishali Jaiwal Srishti Agarwal ,A0418
"Veena Aggarwal, R S; Aggarwal",A0419
Amibh Ranjan Nihit Kishore ,A0420
Amit Rastogi Neha Tyagi ,A0421
Pauline Cullen,A0422
R.S Aggarwal,A0423
WARE BRONNIE,A0424
SPEEDY PUBLICATION,A0425
Nihit Kishore Rakesh Kumar Roshan ,A0426
Khushboo Sharma Vaibhav Anand Bhardwaj,A0427
"Sikha Sharma Rajesh Singh , Indu Gupta ",A0428
Kelly Barnhill,A0429
Neelam Kumar,A0430
Wonder House,A0431
Pixel Ate,A0432
Anupa Lal,A0433
Prince Vincent,A0434
Markus Zusak,A0435
Emily Winfield Martin,A0436
Sonalika CSR,A0437
Héctor García & Francesc Miralles,A0438
Antoine De Saint-Exupéry,A0439
Tom Percival,A0440
Ashwitha Jayakumar,A0441
Pat Zietlow Miller,A0442
John Boyne,A0443
Liz Pichon,A0444
Nicola Morgan,A0445
Chetan Bhagat,A0446
David Walliams,A0447
Marieka Heinlen Elizabeth Verdick,A0448
Chandan Deshmukh,A0449
Rachael Lippincott,A0450
Patty Lovell,A0451
Meredith Costain,A0452
James Dean,A0453
Pichon L,A0454
Swami Mukundananda,A0455
Jacqueline Woodson,A0456
Holly Black,A0457
Douglas Adams,A0458
Christopher Paolini,A0459
Diana Wynne Jones,A0460
E B White,A0461
Leigh Bardugo,A0462
Shubira Prasad,A0463
Oscar Wilde,A0464
Steve the Noob,A0465
Peter H. Reynolds,A0466
RACHEL RENEE RUSSELL,A0467
Amanda Davis,A0468
Jo Lodge,A0469
Cocomelon,A0470
Acharya Prashant,A0471
Leila Seth,A0472
L. Somi Roy,A0473
Gareth Jess Moore Bradley,A0474
ANTHONY HOROWITZ,A0475
Nitya Khemka,A0476
Archana Garodia Gupta,A0477
Aditi Gupta,A0478
Illustrated by Eulalia Rosa,A0479
Sanyal Sanjeev,A0480
P.J. Nichols,A0481
Inikao,A0482
Rajkumar,A0483
Daaji (Kamlesh Patel),A0484
Wilson Rawls,A0485
Mary Pope Osborne,A0486
Kimberly Bradley,A0487
Linda Sue Park,A0488
Chloe Gong,A0489
Alan Gratz,A0490
René Goscinny,A0491
Hannah Lalhlanpuii,A0492
Ratneshwar Kumar Singh,A0493
Laura Ingalls Wilder,A0494
Jonathan W. Stokes,A0495
Tanu Shree Singh,A0496
Barbara Pinke,A0497
Pradeep Chakravarthy,A0498
Jawaharlal Nehru,A0499
K.S. BRAR,A0500
Joseph Nguyen,A0501
Subhadra Sen Gupta,A0502
Karthik Venkatesh,A0503
Bhakti Vikasa Swami,A0504
ANURAKSHAT GUPTA,A0505
The Adventures of Tintin,A0506
K.K. Muhammed,A0507
Anant Pai,A0508
Little Tiger Press,A0509
Elisa Anderson,A0510
Tushar Barmase,A0511
Ben and Holly's Little Kingdom,A0512
Sigal Adler,A0513
Disney Book Group,A0514
Jessica Love,A0515
Kate DiCamillo,A0516
I.M. Witty,A0517
Sheri Wall,A0518
Lisa Ann Marsoli Disney Book Group,A0519
Amy Krouse Rosenthal,A0520
Wendi Silvano,A0521
Stephan Pastis,A0522
Pip Bird,A0523
Holly Bathie,A0524
Golden Books,A0525
Hannan Rachel,A0526
Wally Otto,A0527
James Warwood,A0528
Danny Trevanion,A0529
Drew Daywalt,A0530
Ashutosh Rana,A0531
Kevin Murphy,A0532
B. J. Novak,A0533
Amanda Learmonth,A0534
MAGIC BOOK,A0535
Content Team at Target Publications,A0536
Hriman,A0537
Dipavali Sen,A0538
Wonder House Books Editorial,A0539
Jolly Kids,A0540
TARGET PUBLICATIONS,A0541
Anjie Chatt,A0542
MTG Editorial Board,A0543
Faye Berryman & Phillip O'Carroll,A0544
Multiple Writers,A0545
Antoine de Saint-Exupéry,A0546
Andrew Prentice,A0547
Vinoth  John,A0548
Snehha Naarsaria,A0549
Navita Dello,A0550
Laura Driscoll,A0551
Lori Alexander,A0552
Ellie Tragakes,A0553
Srishti Agrawal,A0554
Steve Burkholder,A0555
Suresh Prasad,A0556
Matthew Oldham,A0557
Justine Nelson,A0558
H. A. Rey,A0559
Luke Villermin,A0560
Ravi Subramanian,A0561
Peter Stimpson,A0562
Rose Hall,A0563
Brette McWhorter Sember,A0564
Aliki,A0565
Raj Abhisar Agarwal,A0566
Colin Bamford,A0567
Dr. Seuss,A0568
Sophie Giles,A0569
J.K. Coy,A0570
James Buckley Jr.,A0571
Rosemary Marandi,A0572
Susan Grant,A0573
Maxwell  Laurence ,A0574
Cinders McLeod,A0575
Emma Carroll,A0576
Arthur Bochner,A0577
Kelly Lee,A0578
Adam Hargreaves,A0579
Valerie Bodden,A0580
Dan Green,A0581
Pritam Patil,A0582
Medi Houghton,A0583
The Victory Project: Six Steps to Peak Potential Anupam Gupta,A0584
Ernest Hemingway,A0585
E C Axus,A0586
Pegasus Team,A0587
MAHESH CHANDRA KAUSHIK,A0588
Kumkum Gupta,A0589
Disha Experts,A0590
R.S Aggrawal,A0591
CBSE,A0592
Ram ashish Paul,A0593
Roopa Pai,A0594
Sudha Gupta,A0595
Om Swami,A0596
Avinash Agarwal,A0597
Devdutt Pattanaik,A0598
Saniyasnain Khan,A0599
Rajani Thindiath,A0600
Swayam Ganguly,A0601
Kirti Pathak,A0602
Compiled by Maple Press,A0603
MANASVI VOHRA,A0604
Noah Child,A0605
Ralph Brammer,A0606
MATCH,A0607
Lincoln Peirce,A0608
Steve Foxe,A0609
Clive Gifford,A0610
Jeremy Jacob,A0611
Match of the Day Magazine,A0612
C.W. Farnsworth,A0613
Joan Holub,A0614
Rachel Ignotofsky,A0615
Matt & Tom Oldfield,A0616
Laurie Morrison,A0617
Victoria Jamieson,A0618
Tara Guber,A0619
Poppy Green,A0620
James Buckley,A0621
Bluey,A0622
Sir Ranulph Fiennes,A0623
Jennifer Bell,A0624
Lunar Press,A0625
Aaron Oster,A0626
Jason Reynolds,A0627
G G Collins,A0628
Matt Oldfield,A0629
Alice K Flanagan,A0630
Tom Oldfield Matt Oldfield,A0631
M.C. Steve,A0632
A Arter,A0633
Stuart J. Murphy,A0634
Sharon M. Draper,A0635
Brenda Li,A0636
Annie Sheoran,A0637
Hajime Isayama,A0638
Dan Slott,A0639
GEGE AKUTAMI,A0640
Author Eiichiro Oda,A0641
Champak,A0642
Brian Michael Bendis,A0643
YAGYA SHARMA,A0644
B.R. BHAGWAT,A0645
Steve Englehart,A0646
Mark Waid,A0647
Thindiath,A0648
KAMALA CHANDRAKANT,A0649
ANANT PAI,A0650
SHALINI SRINIVASAN,A0651
Charles Schulz,A0652
SUBBA RAO,A0653
Multiple writer,A0654
Kalki Koechlin,A0655
Multiple Authors,A0656
Subba Rao,A0657
Luis Fernandes,A0658
Archie Superstars,A0659
Tatsuki Fujimoto,A0660
ONE,A0661
AKIRA TORIYAMA,A0662
Eiichiro Oda,A0663
Shuichi Shigeno,A0664
Malini Saigal,A0665
Gege Akutami,A0666
Tatsuya Endo,A0667
Yoshitoki Oima,A0668
Muneyuki Kaneshiro,A0669
Ryosuke Takeuchi,A0670
Brian Christian,A0671
Narasimha Karumanchi,A0672
Mustafa Suleyman,A0673
Max Tegmark,A0674
Alger Fraley,A0675
Nick Bostrom,A0676
PhD Josh Starmer,A0677
Aurélien Géron,A0678
Henry Brighton,A0679
Rani Ahilya,A0680
Benjamin Labatut,A0681
David Foster,A0682
Alex Xu,A0683
Judea Pearl,A0684
Harvard Business Review,A0685
Melanie Mitchell,A0686
Ethan James Whitfield,A0687
NAVJEEVAN,A0688
Stallings,A0689
Ali Aminian,A0690
Shashank Johari,A0691
Chen Qiufan,A0692
Oliver Theobald,A0693
Sebastian Raschka,A0694
Kai-Fu Lee,A0695
Max Bennett,A0696
Vijay Govindarajan,A0697
Rob Shapiro,A0698
Eric Matthes,A0699
Roger Penrose,A0700
Eric Lamarre,A0701
Adnan Aziz,A0702
Saurabh Shrivastava,A0703
Satya Nadella,A0704
Prasad Rao,A0705
Marquez Gabriel Garcia,A0706
Michael T Nygard,A0707
Swati Bhatnagar,A0708
Stephen Wolfram,A0709
Serg Masís,A0710
Aho,A0711
Neal Stephenson,A0712
Walter Isaacson,A0713
Michio Kaku,A0714
Shivam Shankar Singh,A0715
Ros Atkins,A0716
Berg Craig,A0717
G Venkatesh,A0718
Jerome Friedman,A0719
Chris Dixon,A0720
Vibrant Publishers,A0721
Christopher M. Bishop,A0722
Brad Nunnally,A0723
Tech Demystified,A0724
Faisal Ansari,A0725
TANVEER A,A0726
Abirami Sukumaran,A0727
Vishal Garg,A0728
John D. Kelleher,A0729
Md Pulok,A0730
One Course,A0731
Bandana Ojha,A0732
Mark Fenner,A0733
Gwen Shapira,A0734
Alex Wade,A0735
Sinan Ozdemir,A0736
L.D. Knowings,A0737
Mike Spencer,A0738
Prakash Sah,A0739
Gilbert Eijkelenboom,A0740
Felix Alvaro,A0741
Magnus Ekman,A0742
Paige Jacobs,A0743
GPT4` AI,A0744
Ai Publishing,A0745
Jiawei Han,A0746
Andy Vickler,A0747
Gulrez Khan,A0748
Prashanth Southekal PhD  MBA,A0749
R.  Parvin ,A0750
Ryan Campbell,A0751
Anthony Debarros,A0752
Cobin Rox,A0753
Somanath Nanda,A0754
Aditya Bhargava,A0755
S.K. Srivastava Deepali Srivastava,A0756
Ankur Warikoo,A0757
Pranjal Kamra,A0758
Jared Tendler,A0759
Frank Miller,A0760
Sean Connell,A0761
Richard Susskind,A0762
Carmen Reid,A0763
Harsh Pamnani,A0764
Jarrod Sanders,A0765
Dr. Andy Williams,A0766
Robert Eaton,A0767
Don Norman,A0768
Jaron Lanier,A0769
Steve Krug,A0770
Sam Newman,A0771
Laurent Richard,A0772
Steve Sinclair,A0773
Daniel Carter,A0774
Edward Snowden,A0775
Duncan Clark,A0776
Collin Michael,A0777
Marijn Haverbeke,A0778
James F. Ransome  PhD  CISM  CISSP,A0779
Frank W.  Abagnale,A0780
Anthony James,A0781
Victoria Magrath,A0782
Tanya Goodin,A0783
Sigeru Omatu,A0784
Deitel,A0785
Prabath Siriwardena,A0786
MG Martin,A0787
Nick Bilton,A0788
Lewis C Lin,A0789
Andrew Chen,A0790
Behrouz A. Forouzan,A0791
Gigi Sayfan,A0792
Scott Surovich,A0793
Craig Berg,A0794
Marco Iansiti,A0795
Kevin Ulaner,A0796
Pankaj Sabharwal,A0797
Unmesh Joshi,A0798
Alex González,A0799
Jason Cannon,A0800
"Carl L. Pritchard, PMP, PMI-RMP, EVP",A0801
Peter Tamas,A0802
Adrian Ling,A0803
Sushil Goel,A0804
Michael W Lucas,A0805
Kurose,A0806
Andrej Volchkov,A0807
Dominic Chell,A0808
DSI ACE PREP,A0809
Editors of Rock Point,A0810
Damian Wojsław,A0811
Peter H. Gregory,A0812
Knowledge Powerhouse,A0813
Jack  P,A0814
David B. Kirk,A0815
Michael Clark,A0816
Aditya Chatterjee,A0817
R Blum,A0818
Linus Torvalds,A0819
Nigel Poulton,A0820
Wendell Odom,A0821
M Chapple,A0822
Rajaraman,A0823
DAMA International,A0824
Tom Standage,A0825
Adam Bertram,A0826
Hanghang Tong,A0827
Kevin Mitnick,A0828
Sourav Ghosh,A0829
OccupyTheWeb,A0830
William  Rowley,A0831
P K PANDEY,A0832
Remzi Arpaci-Dusseau,A0833
Biswaroop Roy Choudhray,A0834
V MISHRA AND P K PANDEY,A0835
Joshua Tyler,A0836
Tripp Mickle,A0837
John Madieu,A0838
Tim Warren,A0839
Asghar Ghori,A0840
Alan Hohn,A0841
Quick Start Guides,A0842
Brian Ward,A0843
Ian Lamont,A0844
Sander van Vugt,A0845
Nicholas Ayden,A0846
Liz Rice,A0847
David Beazley,A0848
Mark Reed,A0849
WALEED HASSAN,A0850
James Bernstein,A0851
William Shotts,A0852
Jonathan Moeller,A0853
Evi Nemeth,A0854
Christine Bresnahan,A0855
Raphael Hertzog,A0856
Greg Lim,A0857
Prof. Satish Jain,A0858
Ken Kocienda,A0859
Alex Kasko,A0860
Yashavant Kanetkar,A0861
MATTHES ERIC,A0862
Gayle Laakmann McDowell,A0863
Gabrielle Zevin,A0864
Reema Thareja,A0865
David Thomas,A0866
LCF Publishing,A0867
Aditya Kanetkar Yashavant Kanetkar,A0868
Sanjoy Dasgupta,A0869
S Ima A Lex,A0870
Brett D. McLaughlin,A0871
Vijitha Robinson,A0872
Paarth Arya,A0873
Titus Winters,A0874
Robert C. Martin,A0875
Code Quickly,A0876
Ajay Rathod,A0877
Tanya Reilly,A0878
Mark Richards,A0879
Dan Bader,A0880
Nicole Forsgren Phd,A0881
Miguel Grinberg,A0882
Denver  Geiger,A0883
Leonardo L Wright,A0884
Josh Kaufman,A0885
Jason Barron,A0886
Bob Burg,A0887
Adam Ramirez,A0888
Ben Auffarth,A0889
RAKESH SANGWAN,A0890
Debasis Kamila,A0891
Kevin Pitch,A0892
Simon Benninga,A0893
Peter Bruce,A0894
Chris Fenning,A0895
DT Editorial Services,A0896
Susan Gunelius,A0897
ks ks,A0898
Youngjin Yoon,A0899
Tech Tribe,A0900
Darren G Davis,A0901
Steve Wexler,A0902
R Srinivasan,A0903
Anderson Coen,A0904
Srini Munagavalasa,A0905
Alex Castrounis,A0906
Jim Hodges,A0907
Malcolm Orr,A0908
Anil  Nahar,A0909
Nancy Duarte,A0910
P. K. AGRAWAL,A0911
M.K. Arman ,A0912
Et Tu Code,A0913
Alex Petrov,A0914
Betsy Beyer,A0915
YOGESH PATEL,A0916
Seymour A. Papert,A0917
Seymour Papert,A0918
Purnima Valiathan,A0919
Joe Reis,A0920
Ashok Krish,A0921
Ryan Fernando,A0922
Dr Hansaji Yogendra,A0923
RUJUTA DIWEKAR,A0924
Radhi Devlukia-Shetty,A0925
Vag Bhatt,A0926
INDRA NOOYI,A0927
Subah Saraf,A0928
Isha Foundation,A0929
Tarana Husain Khan,A0930
Rujuta Diwekar,A0931
Bimal Chhajer,A0932
Usha Lad,A0933
Durian Sukegawa,A0934
Vijayan Kannampilly,A0935
Dr. Kalpana Devi,A0936
Krish Ashok,A0937
Novak Djokovic,A0938
KAVITA DEVGAN,A0939
Arora,A0940
A Santha Ramanujam,A0941
Sanghvi Vir,A0942
Aarthi Satheesh,A0943
Jitendra Chouksey,A0944
Singaravelavan,A0945
Professor Tim Spector,A0946
Laxmi Khurana,A0947
Nielle Brown,A0948
Madhura Bachal,A0949
Dr Dr William Davis,A0950
K.M. Pala,A0951
James Hoffmann,A0952
Shivesh Bhatia,A0953
Anthony Bourdain,A0954
Sonal Ved,A0955
Vikas Khanna,A0956
Munmun Ganeriwal,A0957
Michael Greger,A0958
Rukmini Srinivas,A0959
Geeta Devi,A0960
Dean Ornish M.D.,A0961
Archana Doshi,A0962
Jane Austen,A0963
Carol Bolt,A0964
Puzzleland,A0965
Levy Rozman,A0966
George Lopez,A0967
Murali Duggineni,A0968
Shakuntala Devi,A0969
Barry Buggles,A0970
Jeremy Silman,A0971
Edward Powys Mathers,A0972
Chandra B. Singh,A0973
Collins Puzzles,A0974
Dr Gareth Moore,A0975
Steven Strogatz,A0976
Emma Farrarons,A0977
Elliot Roe,A0978
Collins,A0979
Dani DiPirro,A0980
Bobby Fischer,A0981
Paul Blanchflower,A0982
Harry Tomlinson,A0983
Ekta Chaudhary,A0984
Tarun Upadhyaya,A0985
Harini Nagendra,A0986
Masanobu Fukuoka,A0987
Subroto Mukherjee,A0988
Meik Wiking,A0989
Amélie des Plantes,A0990
Ron Sakai,A0991
J.d.singh,A0992
Ben Goldsmith,A0993
George Farmer,A0994
G. S. Randhawa,A0995
Johnny Autonomy,A0996
A.M.Latha,A0997
Rachel Carson,A0998
OLUWASEMILORE DS  DIVINE,A0999
ZHURI  HART,A1000
Mohanan P.V.,A1001
Sir Albert Howard,A1002
Roby Jose Ciju,A1003
Lucille  Sarron ,A1004
Hannah Lewis,A1005
Sarah Simblet,A1006
Sophie McKay,A1007
Mavi H. S.,A1008
Nadia Amoroso,A1009
Cactus Store,A1010
Aimee Brown,A1011
American Society of Botanical Artists,A1012
N Subrahmanyam,A1013
Gerit Quealy,A1014
Anna Milbourne,A1015
Mark Lane,A1016
Erin Benzakein,A1017
Ngoc Minh Ngo,A1018
Gabriel Frank,A1019
Christopher Brickell,A1020
Peter Wohlleben,A1021
WAYLEN  BANNARD,A1022
Martin Crawford,A1023
Tsering Stobdan,A1024
Pramila Mehra,A1025
डॉ. एस. के.  त्यागी,A1026
Lorraine Harrison,A1027
Trisha Bora,A1028
Sanjay D,A1029
Catherine V Holmes,A1030
Penciol Press,A1031
Ernest Norling,A1032
Anne Lamott,A1033
Ronnie Screwvala,A1034
Rockridge Press,A1035
Namaskar Kids,A1036
Dylanna Press,A1037
Gina Ishimoto,A1038
Erin Gates,A1039
Dilip Karampuri,A1040
G.T Karber,A1041
John Montroll,A1042
Catherine Holmes,A1043
Jessica Brody,A1044
Potter Gift,A1045
Dr Alok Kanojia,A1046
Vladimir London,A1047
Sarah Richardson,A1048
Jenna Rainey,A1049
Betty Edwards,A1050
R. Sridhar,A1051
Editors of Reader's Digest,A1052
B. N. Goswamy,A1053
Nikki Boyd,A1054
Driven Hard,A1055
Koos Eissen,A1056
Dr. Jayshree  Om,A1057
Fumio Sasaki,A1058
Ragavendrra Saatvik,A1059
Robert E. Svoboda,A1060
Leander  Dendoncker,A1061
Tiago Forte,A1062
Ashdin Doctor,A1063
Hema Subramanian,A1064
Palak Patel,A1065
Vicki Vrint,A1066
Matthew Gearhart,A1067
Sudhir Sharma,A1068
N. H. Sahasrabudhe; Janhavi N. Sahasrabuddhe; O. P. Ghai,A1069
SASHI GOYAL,A1070
Robert McKinley,A1071
Dan Martin,A1072
Nancy J. Hajeski,A1073
Chandra Padmanabhan,A1074
Sooraj Achar,A1075
Judith Turnbridge,A1076
Thamaraiselvi Pravindoss,A1077
Shoukei Matsumoto,A1078
Niki Brantmark,A1079
S. Irfan Habib,A1080
Bhojraj Dwivedi,A1081
David Pye,A1082
Elizabeth L. Cline,A1083
Sandra Knecht,A1084
Renu Sharma,A1085
Gupta Singh,A1086
Christopher Knox,A1087
Klemens Nguyen,A1088
Nicolas David Ngan,A1089
KC Davis,A1090
Arina Suchde,A1091
Keith Hall,A1092
A S SETHUPATHI,A1093
Santhi Sivakumar சாந்தி சிவகுமார்,A1094
Hannah Ritchie,A1095
Francine Jay,A1096
Josephine Simon,A1097
Marie Kondo,A1098
Cliff Tan,A1099
Keira Miki,A1100
Dr Bhaswati Bhattacharya,A1101
Eckhart Tolle,A1102
Shunmyo Masuno,A1103
Francesc Miralles,A1104
Vicram Sharma,A1105
Kavita Khosa,A1106
Vasudha Rai,A1107
Euny Hong,A1108
Mira Kulkarni,A1109
Anupriya Goel,A1110
Jaishree Sharad,A1111
Bryan Bruce,A1112
Julie Soto,A1113
Aseem Malhotra,A1114
Reshmi Nair Ghosh,A1115
Owen Mullen,A1116
Jeff Keller,A1117
Dr Edward Bach,A1118
Megan Hess,A1119
Jessa Hastings,A1120
Martine Song,A1121
David Servan-Schreiber,A1122
Max Gunther,A1123
Samuel B. McIntyre,A1124
Jhelum Biswas Bose,A1125
Courtney Allison,A1126
Pat Allen,A1127
Rob Moore,A1128
Helena Sunnydale,A1129
Lee Mayer,A1130
Lulu and Bell,A1131
Alex Bond,A1132
Natasja Sadi,A1133
Akshat Gupta,A1134
Colleen Hoover,A1135
Fyodor Dostoyevsky,A1136
Freida Mcfadden,A1137
Nidhi Upadhyay,A1138
Ashwin Sanghi,A1139
VIDHYA SOOD,A1140
Freida McFadden,A1141
Sir Arthur Conan Doyle,A1142
Delia Owens,A1143
Devashish Sardana,A1144
Rebecca F Kuang,A1145
Lucy Foley,A1146
Divyaroop Bhatnagar,A1147
Donna Tartt,A1148
Saksham Garg,A1149
Harshvardhan Rao,A1150
Lisa Jewell,A1151
Rajeshkumar,A1152
Blake Crouch,A1153
Daphne Du Maurier,A1154
Jeffrey Archer,A1155
Fyodor Dostoevsky,A1156
Paula Hawkins,A1157
Tarun Mehrishi,A1158
Danielle Steel,A1159
செவத்த சிங்காரி,A1160
Vivek Shanbhag,A1161
VK Mehta,A1162
MADE EASY EDITORIAL BOARD,A1163
Oppenheim/Willsky/Hamid,A1164
Behzad Razavi,A1165
V.K Mehta,A1166
Eric Schlaepfer,A1167
Michael T. Goodrich,A1168
V K Mehta,A1169
Charles K. Alexander,A1170
Samir Palnitkar,A1171
Streetman,A1172
Adel S. Sedra,A1173
David J. Griffiths,A1174
Albert Malvino,A1175
Amiya Ranjan Mallick,A1176
J.B. Gupta,A1177
David A. Bell,A1178
William H. Hayt Jr.,A1179
Michael Moher Simon Haykin,A1180
Ludwig,A1181
Rafael C. Gonza Lez,A1182
B L Theraja,A1183
Sung-Mo (Steve) Kang,A1184
Theraja B.L.,A1185
Dhivya Nandhini,A1186
Herbut Taub,A1187
B.P. Lathi,A1188
MAZIDI,A1189
Dr. R.S. Parmar,A1190
M. Preshnave,A1191
Krzysztof Wesolowski,A1192
Prof. Sunil S. Rao,A1193
Gary Marcus,A1194
John David Jackson,A1195
Cheng,A1196
Donald E. Kirk,A1197
Robert Grant,A1198
Chinmoy Saha,A1199
T.K. Nagsarkar,A1200
S.K. Bhattacharya,A1201
Bhushan Trivedi,A1202
Kleinberg,A1203
J. B. Gupta,A1204
R P Jain (Deceased),A1205
RPH Editorial Board,A1206
Arihant Publication,A1207
Arihant Expert,A1208
Examcart Experts,A1209
Ajhar Hussain,A1210
Dr. Renu Mishra & EBS Team,A1211
ANUKAMPA DEVI,A1212
Anukampa Devi,A1213
Sanjay Kumar,A1214
LearnX,A1215
EBS Team,A1216
AICT Design Academy,A1217
EduGorilla Prep Experts,A1218
LAXMI EXAM NOTES,A1219
Fashion360,A1220
GAUR GOPAL DAS,A1221
Architecture360,A1222
Ashok Goel,A1223
Megha Rajput,A1224
Nemi publicaation,A1225
NIMISH MADAN,A1226
PW,A1227
Dr. Manish Raj (MR. Sir),A1228
Seep Pahuja,A1229
Dr. Abhimanyu Kumawat,A1230
"Anuksha Arora Ajay Kumar, Swati Chauhan ",A1231
"Sudhanshu Kumar PW, Subhash Azad, Anurag Pareek",A1232
Pankaj Sijairya,A1233
ALLEN Expert Faculties,A1234
Oswaal Editorial Board,A1235
Sudhanshu Kumar Anurag Pareek,A1236
"Dr. Sanjay Kaushik Niranjan Kumar , Gaurav Shrivastava",A1237
CEREBELUM,A1238
Dr. Vipin Kumar Sharma,A1239
PARTH GOYAL,A1240
Dr. Manish Raj (M.R. Sir),A1241
Pankaj Sijariya,A1242
Subhash Azad,A1243
Garima Goel,A1244
Er. Mahendra Pindel,A1245
"Shipra Goyal Dr. Ajay Kumar , Nirmal Pandey",A1246
"Sanjeev Dixit Dr. Ajay Kumar , Nirmal Pandey",A1247
Dr. Shafiqur Rahman Dr. S.A. Khan,A1248
"Sanjeev Dixit Dr. Ajay Kumar , Nirmal Pandey ",A1249
"Nirmal pandey Sanjeev Dixit , Dr. Ajay Kumar ",A1250
B.K Tyagi,A1251
Govind Ballabh Sharma,A1252
T.Samaya Murali,A1253
Shubham Sharma SC Pathak,A1254
Neetu Azad,A1255
Edugorilla Prep Experts,A1256
DK Upadhyay,A1257
Neetu Azad Raman,A1258
"Pradeep Shrivastav Rajeev Pandey , Deepali, Sushil Singh , Sanjeev Dixit ",A1259
Santosh Chauhan,A1260
P K Pandey,A1261
S.K.JHA,A1262
"Ajay Kumar Sanjeev Dixit , Nirmal Pandey , Deepali ",A1263
GHORLEY PRAKASHAN TEAM,A1264
Manish Sharma,A1265
"Sanjeev Dixit Dr. Ajay Kumar ,Nirmal Pandey ",A1266
V.D. Bissa,A1267
Vishaka Saxena Rahul Wadhwa,A1268
JBC Press: Editorial Board,A1269
Priyam Tayal-Pawan kumar Gupta- Pradyumna Kumar,A1270
Anuj Kumar Vandana Saini,A1271
Sudarshan Rajawat,A1272
P.K. Mishra,A1273
Jyotsana,A1274
G.S. Sethi,A1275
Abhishek Arya,A1276
Solved By Experienced Faculties,A1277
Neha Sharma,A1278
Mohit Kumar,A1279
"Deepali Sanjeev Dixit , Sushil Singh , Pradeep Shrivastav ",A1280
Joseph Grenny,A1281
Srishti Agarwal,A1282
IAS (Retd.) Dr. Pramod Kumar Agrawal,A1283
"Deepali Pradeep Shrivastava , Sushil Singh , Sanjeev Dixit , Rajeev Pandey ",A1284
Nitin Agarwal,A1285
scwkap,A1286
Shivani Dogra,A1287
Susmita Dhar,A1288
Gyan Singh,A1289
Politics for India,A1290
Deepali Rajeev Pandey ,A1291
Abhishikha Kaushik Swati chauhan ,A1292
ओम प्रकाश,A1293
"Deepak Dharmendra Kumar , Anurag , Shilpa ",A1294
Arshi khan,A1295
CHANDAN SIR,A1296
Avinash Thakur,A1297
"Deepali Sanjeev Dixit , Sushil Singh ",A1298
उमराव सिंह,A1299
Punya Pratap,A1300
Madhubala Dr.Parul Goel ,A1301
Mohinder Singh Kamboj,A1302
Marc Roche,A1303
Andrew Ramdayal,A1304
Dr. Manish Rannjan (IAS),A1305
Deepali,A1306
Fernando Maymi,A1307
Pawan Kumar Varshney,A1308
Toshikazu Kawaguchi,A1309
Kevin Missal,A1310
Frank Herbert,A1311
Amish Tripathi,A1312
Rebecca Yarros,A1313
Munshi Premchand,A1314
Madeline Miller,A1315
Twinkle Khanna,A1316
SunriseCV,A1317
Caroline Peckham,A1318
Krista Street,A1319
சந்தோஷ் குணா (Santhosh Guna),A1320
Sarah J. Maas,A1321
உதய சந்திரிகா,A1322
Sudipta Bhawmik,A1323
Wilbur Smith,A1324
Hunter Mythos,A1325
Carissa Broadbent,A1326
Anita Krishan,A1327
Bram Stoker,A1328
Ashley Poston,A1329
H. D. Carlton,A1330
Erin Morgenstern,A1331
Arnab Ray,A1332
Rachel Burge,A1333
Narayan Dharap,A1334
Stephen King,A1335
Franz Kafka,A1336
Mary Shelley,A1337
Bora Chung,A1338
Olivie Blake,A1339
Mona Awad,A1340
Mark Z. Danielewski,A1341
SANTOSH PATHAK,A1342
Cho Nam-Joo,A1343
Benjamin Alire Saenz,A1344
Satya Vyas,A1345
சுஜா சந்திரன்,A1346
Nora Roberts,A1347
sharad puranik,A1348
Emilia Hart,A1349
Jason Rekulak,A1350
Jonathan Sims,A1351
Jennise K,A1352
Jatin Bhasin,A1353
Jan Yager,A1354
James Clear,A1355
Scott  Rouse,A1356
Marc Reklau,A1357
Prabhat Prakashan,A1358
Darius Foroux,A1359
Marcus Aurelius,A1360
George Matthew Adams,A1361
Ichiro Kishimi and Fumitake Koga,A1362
Gaur Gopal Das,A1363
Binay Karna,A1364
Roger Fritz,A1365
Héctor García,A1366
Renuka Gavrani,A1367
Peter Atkins,A1368
Thibaut Meurisse,A1369
Robert Kiyosaki,A1370
Daaji Kamlesh D. Patel,A1371
Roxie Nafousi,A1372
Fumitake Koga,A1373
Mark Manson,A1374
STUTI CHANGLE,A1375
Sudhir Dixit,A1376
Darren Hardy,A1377
BK Shivani,A1378
Deepinder Goyal,A1379
Jordan B. Peterson,A1380
Jagannath Patait,A1381
Dr. Surender Vats,A1382
Pramesh Universal India,A1383
Akash Kundur,A1384
Pushkar Raj Thakur,A1385
William J. O'Neil,A1386
Alex Hormozi,A1387
C R Kothari,A1388
Marshall Goldsmith,A1389
Steven Bartlett,A1390
IIBF,A1391
"G.Shainesh Philip Kotler, Kevin lane Keller, Alexander Chernev, Jagdish N. Sheth",A1392
PixelPage Experts,A1393
Christopher W Mayer,A1394
CA Abhijeet Kolapkar/सीए अभिजीत कोलपकर,A1395
Zebralearn,A1396
Radhika Gupta,A1397
Sankarshan Basu John C. Hull,A1398
Professional,A1399
Parag Parikh,A1400
Indian Institute of Banking & Finance,A1401
Paul Prasenjit,A1402
Nick Maggiulli,A1403
Kushal Lodha,A1404
NISM (An Educational Initiative of SEBI),A1405
Shantanu Naidu,A1406
Karthik Muthumohan,A1407
Raghuram G Rajan and Rohit Lamba/रघुराम जी. राजन और रोहित लाम्बा,A1408
Joy Alukkas,A1409
K Aswathappa,A1410
H. L. Ahuja,A1411
Neil Borate,A1412
SIMRANJIT KAUR,A1413
Eric Freeman,A1414
R. Nageswara Rao,A1415
E Balagurusamy,A1416
Brian W. Kernighan / Dennis Ritchie,A1417
Russell/Norvig,A1418
Joel Grus,A1419
M. Morris Mano,A1420
Professor Anil Seth,A1421
Manaranjan Pradhan,A1422
Hearn,A1423
Abraham Silberschatz,A1424
S.K.Srivastava/Deepali Srivastava,A1425
Kathy Sierra,A1426
Erl,A1427
David Flanagan,A1428
Bjarne Stroustrup,A1429
Charles E. Leiserson,A1430
"IFS K. Manikandan, S. Prabhu",A1431
Suresh Sorou,A1432
Peter Sykes,A1433
Commercial,A1434
C.P. Kothandaraman,A1435
RS Khurmi,A1436
R.S Khurmi,A1437
Gilbert Strang,A1438
Nitin S.Gokhale,A1439
Kailash Choudhary,A1440
KAUTILYA,A1441
Amy Brown,A1442
Goh Cheng Leong,A1443
Robert M Sapolsky,A1444
Lori Gottlieb,A1445
Arvind Otta,A1446
Romila Thapar,A1447
Professional's,A1448
Amit Panwar,A1449
R.K. Gupta,A1450
Kunal Purohit,A1451
Daniel Mate,A1452
Jared Diamond,A1453
"Peter N. Peregrine Carol R. Ember, Melvin R. Ember",A1454
Ciccarelli & Misra,A1455
Sigmund Freud,A1456
Dr Shefali Tsabary,A1457
Coco Mellors,A1458
Ernesto ‘Che’ Guevara,A1459
David Spiegelhalter,A1460
Friedrich Nietzsche,A1461
Rajeev Bhattacharyya,A1462
Kamal Ravikant,A1463
Sohini Chattopadhyay,A1464
Arati Kumar-Rao,A1465
Adam Grant,A1466
Jill M. Hooley,A1467
Subhash Chandra Garg,A1468
Baron/Misra,A1469
Rudrangshu Mukherjee,A1470
Vijay Gokhale,A1471
Radhika Iyengar,A1472
Neil deGrasse Tyson,A1473
Abhishek Choudhary,A1474
Charles Allen,A1475
Savi Sharma,A1476
Meg Mason,A1477
Annaeus Lucius Seneca,A1478
Plato,A1479
Homer,A1480
Tony Joseph,A1481
Seneca,A1482
Sanjeev Sanyal,A1483
Target Publications,A1484
Anirudh Kanisetti,A1485
Lionel Giles translator,A1486
Manoj Mitta,A1487
Lao Tzu,A1488
Namit Arora,A1489
Epictetus,A1490
Namit Arora/नमित अरोरा (Author) Anil Yadav (Translator),A1491
VIRAT CHIRANIA,A1492
Hari Chetan,A1493
Raghavan Srinivasan,A1494
Robert Garland,A1495
கிருஷ்ணவேல் TS,A1496
R. C. Majumdar,A1497
Nivedita Louis,A1498
Eric H. Cline,A1499
Stephen Fry,A1500
John Keay,A1501
Peggy Mohan,A1502
Sun Tzu,A1503
Sarah Shaw,A1504
David W. Anthony,A1505
Bibek Debroy (Tr),A1506
Ratneshwar,A1507
"Plato Seneca, Marcus Aurelius, Kahlil Gibran",A1508
Norman Lewis,A1509
THE BOOK TREE,A1510
Usha Pandit,A1511
The Modern Language Association of America,A1512
Kenneth Roman,A1513
Woodsnipe Publishing House,A1514
Jhumpa Lahiri,A1515
Lisa Cron,A1516
Roy Schwartz,A1517
American Psychological Association,A1518
Zeyad Masroor Khan,A1519
Teachelps,A1520
Sejal Bhuva,A1521
Yogesh Vermani,A1522
Sharon Jones,A1523
3H Learning,A1524
Pustak Mahal Editorial Board,A1525
Matthew  Roberts,A1526
Ethan Sawyer,A1527
Susan Thurman,A1528
Karan Thapar,A1529
Dan B Nelken,A1530
PUSTAK MAHAL EDITORIAL BOARD,A1531
William Zinsser,A1532
Nicolas Cole,A1533
William Strunk,A1534
Mason Currey,A1535
Taxmann,A1536
Indian Institute of Banking & Finance (IIBF),A1537
Dr. Vinod K. Singhania,A1538
CA Srinivasan Anand G.,A1539
A Jatin Christopher,A1540
Commercial Law Publishers,A1541
Dr. H.C. Mehrotra,A1542
B.D. Chatterjee,A1543
CA Nishant Kumar,A1544
Dr. Rajesh Kumar Verma,A1545
V.S Datey,A1546
Dr Gupta,A1547
Dr. Ravi Gupta & Kriti Chawla Girish Ahuja,A1548
Dr. Garima Dadhich; Dr. Ravi Raj Atrey,A1549
CA. KAMAL GARG,A1550
Sudipta Bhattacharjee,A1551
CA B. Saravana Prasath,A1552
Dr. Neha Pathakji,A1553
CA Nirav Shah,A1554
Prithiraj Mukherjee,A1555
George Orwell,A1556
H. G. Wells,A1557
Goswami Tulsidas,A1558
Nimna Vijay,A1559
Harper Lee,A1560
Sylvia Plath,A1561
Kahlil Gibran,A1562
Satyarth Nayak,A1563
Hermann Hesse,A1564
Sundari Venkatraman,A1565
F. Scott Fitzgerald,A1566
Premchand,A1567
Paulo Coelho,A1568
"Jane Austen F. Scott Fitzgerald, Oscar Wilde, Emily Brontë",A1569
Richard Bach,A1570
VAIKOM MUHAMMAD BASHEER,A1571
David R. Hawkins,A1572
Michelle Heard,A1573
Keri Beevis,A1574
H. D.  Carlton,A1575
Surendra Mohan Pathak,A1576
Gabrielle Sands,A1577
Rina Kent,A1578
Fredrik Backman,A1579
Victoria  Paige,A1580
O. J. Mullen,A1581
RuNyx,A1582
Sophie Lark,A1583
M.V. Kasi,A1584
Jill Ramsower,A1585
Morgan Bridges,A1586
Danielle Lori,A1587
Sienna Cross,A1588
Cheryl Strayed,A1589
William J. Long,A1590
F Nietzsche,A1591
Henry David Thoreau,A1592
Amartya Sen,A1593
Virginia Woolf,A1594
Patrick Olivelle,A1595
Chimamanda Ngozi Adichie,A1596
Elizabeth Gilbert,A1597
Khyrunnisa A.,A1598
Indu Bhan,A1599
Ashneer Grover/अश्नीर ग्रोवर,A1600
Junichiro Tanizaki,A1601
Dr Ambedkar,A1602
Luke Coutinho/लूक कुटिन्हो,A1603
Sadhguru,A1604
Vinay Sitapati,A1605
Dilip Hiro,A1606
William Morris Agency,A1607
Mahesh Dutt Sharma,A1608
Viral Doshi,A1609
Sudha Murthy,A1610
Arundhati Roy,A1611
Atul Gawande,A1612
Khushwant Singh,A1613
கார்த்திக் புகழேந்தி,A1614
Kanan Gill,A1615
Cixin Liu,A1616
Andy Weir,A1617
Daksh Tyagi,A1618
ஷேஹா ஸகி Shehazaki,A1619
Trevor Noah,A1620
James N. Yanez,A1621
Khanna Twinkle,A1622
Full Sea Books,A1623
Katie  Bailey ,A1624
Shashi Tharoor,A1625
Padmanand Warrier,A1626
Charles Dickens,A1627
GAYATRI MADAN DUTT,A1628
Letizia Lorini,A1629
Venkataramana Modi,A1630
Ami Ganatra,A1631
Debroy Bibek,A1632
Abraham Verghese,A1633
M. Rajasve,A1634
Koral Dasgupta,A1635
Abhishek Singh,A1636
Anand Neelakantan,A1637
Dr Vineet Aggarwal,A1638
Bibek Debroy,A1639
Stephanie Garber,A1640
Rithvik Singh,A1641
Rumi,A1642
Harivansh Rai Bachchan,A1643
Yatish Kumar ,A1644
Gulzar,A1645
Rahgir,A1646
Piyush Mishra,A1647
Swati Sani,A1648
Rabindranath Tagore,A1649
Faiz Ahmed 'Faiz',A1650
Chinnaiah Jangam,A1651
Translated by Rabindranath Tagore,A1652
Tauseef Ali,A1653
Sanhita Baruah,A1654
Sahir Ludhianavi,A1655
G S Vijayalakshmi,A1656
Rahat Indori,A1657
Hitesh Gupta Aadil,A1658
Anusha Rao,A1659
Kumar Vishwas,A1660
Tajammul Kaleem,A1661
Rajendra Kumar Sondh,A1662
Jyoti Gupta,A1663
अमृता प्रीतम,A1664
Reema Sherin,A1665
Edgar Allan Poe,A1666
Vidya Chitr Prakashan,A1667
Manoj ‘Muntashir’ Shukla,A1668
Aimi Hodiwala Rale,A1669
Narender Govind Behl,A1670
Mirza Ghalib,A1671
ATAL BIHARI VAJPAYEE,A1672
Ritesh Rajwada,A1673
Christina Lauren,A1674
Ruchi Chandra Verma,A1675
Brittanee Nicole ,A1676
Bhavna Goyal,A1677
Neha Chenani Khanagwal,A1678
Isa Aroop,A1679
P.G. Van,A1680
Abby Jimenez,A1681
Various Authors,A1682
Haruki Murakami,A1683
M T Vasudevan Nair,A1684
Kat  T.Masen,A1685
Meenu Pillai,A1686
Jenni  Bara ,A1687
Divine Earth,A1688
Sariah Wilson,A1689
Daphne Elliot,A1690
Sally Thorne,A1691
Amrita Pritam,A1692
Madhuri Tamse,A1693
SIRIN FATHIMA,A1694
Tana Hoban,A1695
Yiyun Li,A1696
Manali Desai,A1697
Adhiti Aravind,A1698
Jessie Inchauspé,A1699
Jag Singh,A1700
DK Mahabalaraju,A1701
Philip E. S. Palmer,A1702
K. Srinath Reddy,A1703
Dr Richard Shepherd,A1704
Roisin O'Hare,A1705
"Livy Kullar, Peter | Manjaly, Joseph | Kenyon",A1706
Pillai R.S.N.,A1707
Ana Abreu,A1708
Mark Hyman,A1709
Anita Jatana,A1710
Saxena M.,A1711
Robert Rymore,A1712
D Weatherall,A1713
Joydeep Das Gupta,A1714
AM Kadri,A1715
Gautam Sarker,A1716
D. Kirk Hamilton,A1717
Geetanjali Bhide,A1718
Suresh K Kotwal,A1719
Steven C. Schachter,A1720
Jennifer Doudna,A1721
Peter M. Ginter,A1722
James R. Langabeer II,A1723
Patrick G McKeown Patrick G. McKeown,A1724
Mohammed Ilias,A1725
K.L. Sharma,A1726
"MD Goldstein Faao Facs, Joel H",A1727
Douglas Stockman,A1728
Olivia Antoinette Mary Smith,A1729
Darshan Sohi,A1730
Rajendra Pratap Gupta,A1731
Robert L. Schalock,A1732
Randy Shilts,A1733
Clare Morell,A1734
Ayşe Serap Karadag,A1735
D L Ramachandra,A1736
Gia Merlo,A1737
Bernardo Cortese,A1738
Clayton Christensen,A1739
GAWANDE ATUL,A1740
DC Joshi,A1741
Taiichi Ohno,A1742
Matt Ridley,A1743
Ritu Priya,A1744
Denis Mukwege,A1745
R D Laing,A1746
Smriti Parsheera,A1747
NARAYANAN K.V.,A1748
MUTHUVENKATACHALAM S.,A1749
Dr Tanaya Narendra,A1750
"CNE Silvestri, Angela E., PhD, APRN, FNP-BC",A1751
Waugh,A1752
Sukhpal Kaur,A1753
P.K. Panwar,A1754
Padmaja Udaykumar,A1755
GILL K K,A1756
Kaushik,A1757
Rashid M Khan,A1758
MANIVANNAN S.D,A1759
Dr. Naresh Wamanrao Paliwal,A1760
Vinod Gupta & Yogesh Gupta Preeti Agarwal,A1761
MJ Kumari,A1762
Sreevani R,A1763
PR Yadav,A1764
Gary M Weiner,A1765
Jogindra Vati,A1766
R Sreevani,A1767
Sandeep Kaur,A1768
Apurba S Sastry,A1769
MEGHA SANDEEP SHETH,A1770
Suresh Sharma,A1771
R Sudha,A1772
Peter Tyrer,A1773
Editorial Board,A1774
Nedu,A1775
Yogen Singh,A1776
Sharma,A1777
DR. RAJESH DIXIT,A1778
Preeti Agarwal & Vinod Gupta,A1779
Jitika Royal,A1780
Dr. Mukesh Nagar,A1781
Cecy Correia,A1782
Muthuvenkatachalam Srinivasan,A1783
Suresh K Sharma,A1784
Shama B. Ahmed,A1785
Rimple Sharma,A1786
Annamma Jacob,A1787
Dr Steve Benington MB ChB MRCP FRCA,A1788
Prof.R.P Saxena,A1789
Patricia M. Nugent RN  AAS  BS  MS  EdM  EdD,A1790
A.Lizy Sonia Ph.D.(Nursing)  M.SC (Nursing) Speciality:Medical Surgical Nursing B.SC (Nursing),A1791
MKC Nair,A1792
Experienced Faculties,A1793
Barid Ulla,A1794
Dalim Kumar Baidya & Hemanshu  [Author]Prabhaka,A1795
GR Sethi Sangeeta Sharma,A1796
Aruchamy Lakshmanaswamy,A1797
Walker,A1798
"Xiaowen Wang Zachary Crees, Cassandra Fritz, Alonso Heudebert, Jonas Noé, Arvind Rengarajan",A1799
British Red Cross Society,A1800
Vipul Tankariya,A1801
Satish K Bhargava,A1802
Karen Kenyon MRes  BSc (Hons)  BA (Hons)  MCSP,A1803
M.D. [Author] Robert Joseph Boland,A1804
Lionel H. Opie MD  DPhiL  DSc  FRCP,A1805
Dr. Sweety Gupta,A1806
Ross Vasta,A1807
Beverley Henderson,A1808
DRUG TODAY,A1809
"Bruce A. Molitoris Thomas M. Coffman , Ronald J. Falk ",A1810
ALLEN T.F.,A1811
Parveen Kumar,A1812
Tracey Godridge,A1813
Dr K D Kanodia,A1814
"Anju Gupta Dorsch, Nishkarsh Gupta",A1815
Cijo Alex,A1816
Wolfgang Metzger,A1817
KUNDU A K,A1818
Kumar Satish Ravi,A1819
WILLIAMS NS,A1820
Monika Sharma,A1821
Dr. VD Agrawal,A1822
Nitin Ashok John,A1823
Praveen Aggarwal,A1824
Linda Anne Silvestri,A1825
Ramnik Sood,A1826
Flavio Andres Uribe,A1827
Tracey Hopkins,A1828
BLOM A,A1829
Sharmila Arun Babu,A1830
Dr. Sanjar Alam,A1831
Jorge Muniz,A1832
Dr Minh A McCray,A1833
Uday Khopkar,A1834
Binod Kumar Sinha,A1835
John S. Bradley,A1836
Annu Kaushik,A1837
LIPSKY L.,A1838
Aditya Yadav,A1839
R Beaglehole,A1840
P Manickam,A1841
Rahul Kumar Das,A1842
Perinad Sadanandan Pillai & Jagadeesh Pillai,A1843
Dr. Kamalpreet Singh,A1844
Stephen J. Walters,A1845
Sreevani Rentala,A1846
Timothy L. Lash,A1847
K Park,A1848
Dr. Neha and Dr. Prashant Baghel,A1849
Subhash Palekar,A1850
MN Parikh,A1851
David D Celentano ScD  MHS,A1852
Alehandro R. Jadad,A1853
Subhash Shyam Saharsh,A1854
B Srilakshmi,A1855
Dr Shraddha Joshi,A1856
Konrad Banachewicz,A1857
Rajesh Kumar,A1858
Brett Lantz,A1859
Robert H. Shumway,A1860
Dr. Mangala S.,A1861
Lee Hull,A1862
David Quammen,A1863
Yelikar,A1864
Morten Frydenberg,A1865
T. Barnett,A1866
Kavitha Rao,A1867
Ashish Makanadar,A1868
Sue Malcolm,A1869
Chinmay Tumbe,A1870
Dr Sanjay Gupta,A1871
Karina Reiss Ph.D.,A1872
Mukesh Verma,A1873
Fred L. Bookstein,A1874
Robert F. Kennedy Jr.,A1875
PELTZ G.,A1876
Janet L. Peacock,A1877
F James Rohlf,A1878
Andrew Briggs,A1879
Brian Hooker,A1880
James H Austin,A1881
S Piantadosi,A1882
Vinoth Gnana Chellaiyan,A1883
RC Goyal,A1884
Dr Chan,A1885
Richard Isaac,A1886
Ramadas Nayak,A1887
Tao Le,A1888
Umang Shah,A1889
Experience Faculty,A1890
B Ramgopal,A1891
Thameem Saif,A1892
Suresh Pillai,A1893
Deepak Marwah,A1894
VIVEK JAIN,A1895
Capt Basavaraj AP,A1896
SHRESTH BOOK SHOP,A1897
Marcia Verduin,A1898
Kaplan Nursing,A1899
Ailsa Sita-Lumsden,A1900
Kaplan Medical,A1901
Sarah Abdulla,A1902
G K Pal,A1903
Sr nancy,A1904
Kamal KV,A1905
Alan W. Partin MD  PhD,A1906
B.C. Bhagavan,A1907
Beti Wyn Evans,A1908
Sujal Desai,A1909
Ravi Chaudhary,A1910
Sakshi Arora Hans,A1911
Mathew R. John,A1912
RAMA GOPAL EDARA,A1913
YATIRAJ SINGI,A1914
Dr. Govind Pareek,A1915
Ravinder Nath Bansal,A1916
B.C. BHAGAVAN,A1917
I CLEMENT,A1918
Yatiraj Singi,A1919
Dr. I Clement,A1920
Sumita Agrawal,A1921
Biswas G.,A1922
D. Elakuvana Bhaskar Raj,A1923
Timothy O White BMedSci  MBChB  FRCSEd (Tr & Orth)  MD,A1924
AGRAWAL V.D.,A1925
Alan S. L. Yu MD,A1926
TMH,A1927
Ajay Bisaria,A1928
PRIYAM GANDHI-MODY,A1929
Yatish Yadav,A1930
Ziya Us Salam,A1931
Siddharth Kara,A1932
Michael Pillsbury,A1933
Vikram Sood,A1934
Noam Chomsky,A1935
Ben MacIntyre,A1936
Ilan Pappe,A1937
Josy Joseph,A1938
Probal DasGupta,A1939
Deepak Surana,A1940
Col Awadhesh  Kumar,A1941
Joseph McQuade,A1942
Bharath Raju,A1943
Khyati Pathak,A1944
Nelson Mandela,A1945
Sanjay Jha,A1946
Tuhin A. Sinha,A1947
Rajiv Malhotra,A1948
Jon Lee Anderson,A1949
Chris Fussell,A1950
Gary J. Bass,A1951
M.K. Gandhi,A1952
Christopher Andrew,A1953
Vijay Kumar,A1954
Bill Browder,A1955
Nehal Ahmed,A1956
Paulo Freire,A1957
Mainak Dhar,A1958
Daron Acemoglu,A1959
Ramesh Inder Singh,A1960
Ben Macintyre,A1961
S. Jaishankar,A1962
S. JAISHANKAR,A1963
S. P. Huntington,A1964
Paul Kennedy,A1965
Robert D. Kaplan,A1966
"Daniel Levitsky, Steven, Ziblatt",A1967
Barack Obama,A1968
Michael Scott-Baumann,A1969
Tim Marshall,A1970
Gurcharan Das,A1971
Javier Blas,A1972
Sujan Chinoy,A1973
Shivshankar Menon,A1974
Tilak Devasher,A1975
arundhati roy,A1976
Shyam Saran,A1977
Linda Jaivin,A1978
Thomas L. Friedman,A1979
Pius Malekandathil,A1980
Francis Fukuyama,A1981
Nalin Mehta,A1982
A.S. Dulat,A1983
Sujan R. Chinoy,A1984
Ed Douglas,A1985
Mukherjee,A1986
P Chidambaram,A1987
Urvashi Butalia,A1988
M. S. Golwalkar,A1989
Shashank Mani,A1990
Andrew Leigh,A1991
Saba Naqvi,A1992
Scott R. Stroud,A1993
Vivek Agnihotri,A1994
Sita Ram Goel,A1995
S.Y. Quraishi,A1996
Coleman,A1997
Isabel Wilkerson,A1998
Gyan Prakash,A1999
Vijay Prashad,A2000
Yascha Mounk,A2001
Adam Kinzinger,A2002
Vladimir Ilyich Lenin,A2003
Yanis Varoufakis,A2004
Hemant Sharma,A2005
Raymond Williams,A2006
Bethany Allen,A2007
Jeremy D. Popkin,A2008
Theodore John Kaczynski,A2009
Anthony DePalma,A2010
Kingshuk Nag,A2011
SHASHI THAROOR,A2012
Leon Trotsky,A2013
Walter Andersen,A2014
Christopher Hill,A2015
David Baddiel,A2016
Jean-Jacques Rousseau,A2017
Quinn Slobodian,A2018
Goeran Therborn,A2019
Alexandra Kollontai,A2020
Mahajan V.D.,A2021
Hannah Arendt,A2022
Nigar Hashimzade,A2023
Murugan V,A2024
Oxford Dictionaries,A2025
Oxford University Press,A2026
Jonathan Law,A2027
ANIRBAN GHOSH,A2028
Dr. Hardev Bahri,A2029
Oxford University Press & Manohar Pandey,A2030
John Scott,A2031
Vaman Shivram Apte,A2032
Simon Blackburn,A2033
Andrew M. Colman,A2034
Oxford University Press India,A2035
Ashok Grover,A2036
Hans Wehr,A2037
George Davidson,A2038
Modern Language Association,A2039
Collins Dictionaries,A2040
Oxford Languages,A2041
Peter Archer,A2042
David Olsen,A2043
Dylane Moreau,A2044
Jayme Adelson-Goldstein,A2045
Oxford Univresity Press,A2046
Chris Baldick,A2047
Clement Wood,A2048
SHRADDHA SINGH,A2049
Barbara Ann Kipfer,A2050
Colin McIntosh,A2051
Dr V. Murugan,A2052
Collins Collins,A2053
Christine Ammer,A2054
A.C. Bhaktivendanta Swami Prabhupada,A2055
Albert Einstein,A2056
Haemin Sunim,A2057
Manohar Pandey,A2058
D. P. Sabharwal,A2059
Ed. Pramod Ranjan Periyar E. V. Ramasamy,A2060
Satoshi Yagisawa,A2061
Gawande Atul,A2062
Swami Satyananda Swami Satyanand Saraswati,A2063
Glennon Doyle,A2064
Osamu Dazai,A2065
Sir John Woodroffe/Arthur Avalon,A2066
Esther Hicks,A2067
Richard M. Eaton,A2068
Swami Satyananda Saraswati,A2069
S. R. Ranganathan,A2070
Dp Kids,A2071
Bikram Grewal,A2072
Ravi Bhushan,A2073
Sri Sri Yukteswar Giri,A2074
James Nestor,A2075
Sophie Bashford,A2076
P.G. Wodehouse,A2077
VISHNU RATNA,A2078
Yogoda Satsanga,A2079
Kyle Gray,A2080
Sahara Ketabi Rose,A2081
Chris Grimley,A2082
kamar hasan,A2083
Peter Zumthor,A2084
Sarah Jennings Jayneen Sanders,A2085
Rainer Maria Rilke,A2086
National Strength & Conditioning Associa Greg Haff G.Gregory Haff N. Travis Triplett G. Gregory (EDT) Haff,A2087
B. Raman,A2088
Hiren Doshi,A2089
Ann Swanson,A2090
Kalidasa,A2091
Kanchan Keshari,A2092
VASHISTA 360,A2093
Alphabet Education,A2094
Raymond Murphy,A2095
B.R.Ambedkar,A2096
Maria Harding,A2097
Swami Vivekananda,A2098
Jay Shetty,A2099
Osho,A2100
James Norbury,A2101
Thich Nhat Hanh,A2102
Harmann hesse,A2103
Gautam Buddha,A2104
Joe Hyams,A2105
Dr. B.R. Ambedkar,A2106
Pema Chödrön,A2107
S. Radhakrishnan,A2108
Babasaheb Ambedkar,A2109
SWAMI PRAKHAR PRAGYANAND,A2110
Jamyang Norbu,A2111
Pranay,A2112
René Ruiz,A2113
Yoel Hoffmann (Compiled by),A2114
W.Y. Evans Wentz,A2115
Robert Pirsig,A2116
SWAMI VIVEKANANDA,A2117
Pema Chodron,A2118
Hanh,A2119
Ken Honda,A2120
DEVDUTT PATTANAIK,A2121
Anonymous,A2122
A. C. Bhaktivedanta Swami Prabhupad,A2123
RR Varma,A2124
His Divine Grace A.C. Bhaktivedanta Swami Prabhupada,A2125
Gita Press Gorakhpur,A2126
Ranjit Chaudhri,A2127
Translated and Commentated by Swami Paramananda,A2128
A.C. Bhaktivedanta Swami Prabhupada,A2129
Servdharm,A2130
Hanuman chalisa,A2131
Vivaan Prashant Karulkar,A2132
Geeta press gorakhpur,A2133
Vinay,A2134
Pandit Shri Kashinath Mishr Ji,A2135
Saibhadrakali,A2136
R.R. Varma,A2137
Swami Vivekanand,A2138
Geeta Press,A2139
Robert Svobod,A2140
SRI VALMIKI MUNI,A2141
GEETA PRESS,A2142
A.Helwa,A2143
Allah SWT,A2144
Umera Ahmad,A2145
Allah,A2146
Dr.Aid al-Qarni,A2147
Sheikh Safi-ur-Rahman al-Mubarkpuri,A2148
Dr. AbdulAzeez AbdulRaheem,A2149
Mahmood Ahmad Ghadanfar,A2150
Abdullah Yusuf Ali,A2151
Muhammad Ali Hashimi,A2152
Yasmin Mogahed,A2153
Wahiduddin Khan,A2154
Safiur Rahman Al Mubarakpuri,A2155
John Elia,A2156
Maulana Qari,A2157
Krishna Jha,A2158
Aliyah Umm Raiyaan,A2159
Ibn Daud,A2160
Baab as salaam,A2161
Maulana Muhammad Junaagadi,A2162
Audrey Truschke,A2163
Free Minds Club,A2164
M A S Abdel Haleem,A2165
Dr. Mohammad Mohsin Khan,A2166
Maulana Safiur Rahman Al-Mubarakpuri,A2167
Aaidh ibn Abdullah al-Qarni,A2168
Imam Bukhari (R.A),A2169
Matiullah Jauhar Khan,A2170
Al Imam Ibn Kathir,A2171
Sandeep Balakrishna,A2172
Maulana Qari Faheemuddin Ahmed Siddiqui,A2173
Qari Faheemuddin Siddiqi,A2174
Safiur Rahman Mubarakpuri,A2175
Imam Bukhari,A2176
Valay Singh,A2177
Mufti Muhammad Taqi Usmani,A2178
Imam Abul Fida IBN-E-KASEER AL-DAMSHAQI,A2179
Amir Suhail,A2180
Mohmmad Farooq Khan,A2181
Safi-ur-Rahman al-Mubarakpuri,A2182
Mufti Muhammad Taqi Usmaani,A2183
Allah Subhanahu Wa Ta'ala,A2184
Zafarul-Islam Khan,A2185
பா. ராகவன் Pa Raghavan,A2186
Alicia Stevens,A2187
Poojan Paath Pradeep,A2188
Hannah O. White,A2189
K.C. Lalwani,A2190
Nish Shah,A2191
Kamala Pant,A2192
A.L. Basham,A2193
Pujya Gurudevshri Rakeshji,A2194
Acharya Mahapragya,A2195
Pravin K. Shah,A2196
Chitwan Mittal,A2197
Pratapaditya Pal,A2198
Dhruva Kumar,A2199
Ashok Sahajanand,A2200
Ji Sung,A2201
Kaira Pal,A2202
सिद्धार्थ जगन्नाथ जोशी,A2203
Trilok Jain,A2204
Aidan Rankin,A2205
Robbie Harrington,A2206
Lilli Abbott,A2207
Kedar Nath Tiwari,A2208
Surendra Gopal,A2209
Dulichand Jain ‘Sahityaratna’,A2210
V.S. Sharma,A2211
Peter Adamson,A2212
Satkari Mookerjee,A2213
Agustin Paniker,A2214
Manisha Gala,A2215
Mahavira,A2216
"Dhruva ""] [""Kumar",A2217
Padmanabh S. Jaini,A2218
Dulichand Jain,A2219
Dr. Anil Kumar Jain,A2220
Nanditha Krishna,A2221
Raja Ram Mohan Roy,A2222
Jain Muni Tarun Sagar Ji Maharaj,A2223
Saranya Umakanthan,A2224
A.E. Waite,A2225
Nick Trenton,A2226
Louise L. Hay,A2227
Rhonda Byrne,A2228
Dimple Jangda,A2229
Bessel van der Kolk,A2230
Ryan Stephen Holiday Hanselman,A2231
BYRNE RHONDA,A2232
C. P. Arora,A2233
Arthur Edward Waite,A2234
Ambika Prasad Parashar,A2235
Radleigh Valentine,A2236
Francesc Miralles Hector Garcia,A2237
Jasmeet Kaur,A2238
Richard Dawkins,A2239
Esther,A2240
Sanjay Dixit,A2241
DAS GAUR GOPAL,A2242
Rajarshi Ranjan Nandy,A2243
Brianna Wiest,A2244
सद्गुरु,A2245
J. Krishnamurti,A2246
Swami Nityaswarupananda,A2247
Sudarshan Ray,A2248
Svoboda,A2249
Satishchandra Chatterjee,A2250
MARCUS AURELIUS,A2251
SHREE HITA RADHA KELI KUNJ,A2252
யாஷ் கார்முகில்  Yash Karmugil,A2253
ஜெநிஷா  தீன் ,A2254
Avina St. Graves,A2255
S.J. Tilly,A2256
யாஷ் கார்முகில்  Yash karmugil ,A2257
LATHA B,A2258
Neva Altaj,A2259
Adriana Brinne,A2260
தேன் நிலா  J,A2261
(காதல் இளவரசி)  விஷ்ணுப்ரியா ,A2262
சஹானா  சனா,A2263
திவ்யசோபனா Divyashobana,A2264
Yaazhini Madhumitha,A2265
Adhiya அதியா,A2266
ஆத்விகா பொம்மு (Aadvika pommu) ,A2267
Aruna  V,A2268
Mila Finelli,A2269
Mathila Suhi,A2270
Piper Stone,A2271
செவத்த  சிங்காரி ,A2272
Kira  Cole,A2273
Luna Mason,A2274
Ravi Shikha,A2275
Akash Pathak,A2276
Surya rajarajan,A2277
அ. மோகனா மணிகண்டன்,A2278
Indhu  Novels ,A2279
Monica Kayne,A2280
Rhea Moorthy,A2281
Maya Alden,A2282
Kushi Sada,A2283
Drethi A.,A2284
Jennifer Chipman,A2285
Greer Rivers,A2286
Jeff Bigler,A2287
Jennifer Joy,A2288
Drethi  A.,A2289
Melanie Rachel,A2290
Monisha  thamizhmoni,A2291
Lory Lilian,A2292
Curtis Sittenfeld,A2293
Nisha Sharma,A2294
Alix James,A2295
Shobana Mahadevan,A2296
J Dawn King,A2297
Jessie Burton,A2298
Christie Capps,A2299
Kelly Miller,A2300
Jan Ashton,A2301
Jaime Marie Lang,A2302
Jann Rowland,A2303
Oksana Rothenberg,A2304
Eden Appiah-Kubi,A2305
Ivy Wild,A2306
Amelia  Westerly,A2307
Lory  Lilian,A2308
Amy D'Orazio,A2309
Julie Cooper,A2310
Lucy Marin,A2311
Jane Henry,A2312
Tasmina Perry,A2313
Maren Smith,A2314
Chloe Eilon,A2315
Cat Andrews,A2316
Jaime Marie  Lang,A2317
ANAMIKA MISHRA,A2318
Thanimai Kadhali Novels,A2319
Tijan,A2320
Bella  Matthews,A2321
Cora Reilly,A2322
Natasha Anders,A2323
Elsie Silver,A2324
Abbi Glines,A2325
Sara Cate,A2326
Bella Matthews,A2327
Cora  Reilly,A2328
Louise Bay,A2329
Emily Tilton,A2330
Kira  Cole ,A2331
Katy Evans,A2332
L.J. Shen,A2333
Ivy Layne,A2334
Payal Dedhia,A2335
Nadia Lee,A2336
Cassandra Robbins,A2337
Krista Ritchie,A2338
Jodi Ellen Malpas,A2339
Winter Renshaw,A2340
Charlotte McGinlay,A2341
Susan Stoker,A2342
Hayley Faiman,A2343
Amie Heights,A2344
Melanie Moreland,A2345
Lyla Sage,A2346
Juliet Rohmer,A2347
Orpah Lambright,A2348
Grace Given,A2349
Daisy Jane,A2350
Indiana Wake,A2351
RAMKISHORE M,A2352
Ashley Emma,A2353
Samantha  Price,A2354
Kathleen Fuller,A2355
Faith Johnson,A2356
Katy Regnery,A2357
Alison Stone,A2358
Kristen Mckanagh,A2359
Mary Lantz,A2360
Samantha Price,A2361
Rachel J. Good,A2362
Allison Pittman,A2363
Debby Giusti,A2364
Brenda Maxfield,A2365
அனு  ஜெய் ,A2366
SANAGEETH  NOVELS,A2367
Renuga Muthukumar,A2368
Nivedita Vedurla,A2369
Ramani Chandran,A2370
Farhaana  Tahseen,A2371
நிலா பிரகாஷ் ,A2372
Phoebe MacLeod,A2373
SANAGEETH NOVELS,A2374
PREMALATHA BALASUBRAMANIAM,A2375
Rachel Dove,A2376
Isa  Aroop,A2377
Jaya Sri Naga Jyothi P,A2378
Nithani Prabu,A2379
Shazia  Akhter,A2380
Annah Conwell,A2381
Nivi Ammu,A2382
Rebecca Ross,A2383
AashiIrf,A2384
S M Eshwari S M ஈஸ்வரி,A2385
Anusuya  Rajesh ,A2386
Travis Klune,A2387
Joelina Falk,A2388
Elena Armas,A2389
Elizabeth Johns,A2390
Devi Manogaran,A2391
Jojo Moyes,A2392
Manisha Dasappa,A2393
Ali Hazelwood,A2394
Graeme Simsion,A2395
Mary Kingswood,A2396
Jo Lovett,A2397
Evie Sterling,A2398
Thenu Tamil,A2399
Melanie D. Snitker,A2400
Zoë Folbigg,A2401
Rima Khubani,A2402
Ava Gray,A2403
Roop De,A2404
Sonam Kandalgaonkar,A2405
Emily Stewart,A2406
Lauren Landish,A2407
Shandi Boyes,A2408
Roop  De,A2409
Louisa May Alcott,A2410
Lydia Hall,A2411
suja chandran,A2412
Vishwa Poomi,A2413
Ruthi Venkat,A2414
Saranya Hema,A2415
சந்தோஷ்  குணா (Santhosh Guna),A2416
Priyamehan  K,A2417
மன் மதன் Man Mathan,A2418
Laura Carter,A2419
Madhuri  Tamse,A2420
ராகவி,A2421
பாலாஸ்  நாவல் ,A2422
SRIJA NOVELS,A2423
Kat Singleton,A2424
Ruchi  Singh,A2425
Catharina Maura,A2426
Vanisha Thandawan,A2427
Tessa Bailey,A2428
Eva Winners,A2429
பத்மினி நாராயணன்  Padmini Narayanan,A2430
AHILA ISAAC,A2431
Ilsa Madden-Mills,A2432
Nona Uppal,A2433
BHAVANA  SINGH,A2434
Julia Wolf,A2435
Sri vinitha ஸ்ரீ வினிதா,A2436
ஆத்விகா பொம்மு (Aadvika Pommu),A2437
Ajay Pandey,A2438
Roy Arundhati,A2439
S. Massery,A2440
Noah Hardy,A2441
Camilla Isley,A2442
உத்ரா சித்தார்த்,A2443
Tara Crescent,A2444
Portia MacIntosh,A2445
Sadie  Kincaid,A2446
R.S. Grey,A2447
Ashlie  Silas ,A2448
Sadie Kincaid,A2449
Penelope Douglas,A2450
Ashlie Silas ,A2451
Stylo Fantome,A2452
Ana Huang,A2453
Carrie Elks,A2454
Penny Dee,A2455
Natasha Madison,A2456
Eva  Winners,A2457
Tijan ,A2458
Faith Summers,A2459
Siraju Nisha,A2460
Nithani  Prabu ,A2461
ஆத்விகா பொம்மு  (Aadvika Pommu),A2462
புஷ்பா மயில்சாமி,A2463
ஸ்ரீலக்ஷ்மி Srilakshmi,A2464
Preet Kawal,A2465
Mallika  Manivannan,A2466
MV Kasi,A2467
சிவயாழினி Siva Yazhini,A2468
நிரோஷா கார்த்திக்,A2469
Girija  Shanmugam,A2470
SAKTHI GURU,A2471
ஸ்மித்தா  குமரி ,A2472
Suja chandran,A2473
En Vee - Author NV,A2474
உதய  சந்திரிகா,A2475
Ms. Suba Srisi,A2476
Lakshmi Ramamoorthy,A2477
EMILY HENRY,A2478
Sara L. Hudson,A2479
Lil Evans,A2480
Layla Valentine,A2481
Penelope Bloom,A2482
Kate Frost,A2483
L.  Steele,A2484
Chelsea Curto,A2485
Alexis Winter,A2486
Lisa  Cullen,A2487
Amy Lea,A2488
Mary Calmes,A2489
none,A2490
Lisa Cullen,A2491
Kate Watson,A2492
Julia Quinn,A2493
Maxine Morrey,A2494
Mandy Baggot,A2495
Elena Ferrante,A2496
Sofia T Summers,A2497
Helen Rolfe,A2498
Freya Kennedy,A2499
Cecelia Ahern,A2500
Samantha Christy,A2501
Angela Britnell,A2502
B.K. Borison,A2503
Catherine Walsh,A2504
M.A. Nichols,A2505
Karissa Kinword,A2506
Jessica Redland,A2507
Eli Easton,A2508
Chasity Bowlin,A2509
A.J. Marchant,A2510
Emily Henry,A2511
Jade West,A2512
Elin Hilderbrand,A2513
முகில்கீத்ஸ் Mukhil Geetz,A2514
Meera Krish,A2515
Meera  Krish,A2516
Judy Leigh,A2517
உங்களின்  சிலுக்கு,A2518
JI YA,A2519
உங்களின் சிலுக்கு,A2520
Surya  Saravanan,A2521
Barbara Davis,A2522
Nathan Hill,A2523
Emily Tudor,A2524
Maria Reed,A2525
Nicola Jane,A2526
Nina Sestina,A2527
உத்ரா  சித்தார்த்,A2528
Shari Low,A2529
Alina Parker,A2530
Laura Pearson,A2531
Freya Barker,A2532
Dianna Roman,A2533
Serenity Woods,A2534
M.L. Broome,A2535
Roma N Singh,A2536
Gillian Harvey,A2537
Cathy Yardley,A2538
Carley Fortune,A2539
Ellie  Hall,A2540
Maddie Please,A2541
Ainsley St Claire,A2542
Anitha Kumar,A2543
Tara Ahmed,A2544
Vi  Keeland ,A2545
Vi Keeland,A2546
Krishna Bhatia,A2547
Tarryn Fisher,A2548
Penelope Ward,A2549
KETAN KETKAR,A2550
Meg Cabot,A2551
Rebecca  Jenshak ,A2552
Leigh  Lennon ,A2553
Genevieve Novak,A2554
Jaimie Roberts,A2555
Georgia Mantis,A2556
Lisa Desrochers,A2557
Yara Gharios,A2558
Kelsie Rae,A2559
Sophia Addams,A2560
ALEXIA VELLA DEGUARA,A2561
N. Nieto,A2562
Edyn Michaels,A2563
Vikki McRaven,A2564
Renee Lindemann,A2565
Jessa Kane,A2566
Dahlia Reign,A2567
Shantel Tessier,A2568
Sara Fields,A2569
sonam kandalgaonkar,A2570
Shanjida Nusrath  Ali,A2571
மீயாழ் நுவலி  Meeyazh Nuvali ,A2572
Anamika GK,A2573
Sarah Brianne,A2574
J.T. Geissinger,A2575
Measha Stone,A2576
Giselle Cox,A2577
Jessica Hawkins,A2578
Sect Elder Breeze,A2579
A.L. Luca,A2580
Layla Frost,A2581
T.L. Hodel,A2582
Natasha  Anders,A2583
Victoria Paige,A2584
Angelique Jones,A2585
Jaclin Marie,A2586
Cee Bowerman,A2587
Ashley N. Rostek,A2588
Christina B. Rose,A2589
KC Kean,A2590
Bree Porter,A2591
C.M. Steele,A2592
Adriana  Brinne,A2593
Swati MH,A2594
Rosalie  Rose,A2595
Kyra Seth,A2596
Lexi Pabst,A2597
Ankit Roy,A2598
Riya Iyer,A2599
Rosalie Rose,A2600
Veronica  Lancet,A2601
N. M. Patel,A2602
M. Pamela,A2603
Nicci  Harris,A2604
Tabitha Lipman,A2605
Marian Tee,A2606
Macy T. Riosa,A2607
Kandi Steiner,A2608
Nicci Harris,A2609
SeRaya,A2610
Lilian Harris,A2611
Fia Farina,A2612
Claire Contreras,A2613
T L Swan,A2614
Lilia Cora,A2615
Sapna Bhog,A2616
Q.B.  Tyler,A2617
காஞ்சனா அன்புசெல்வம்,A2618
Veronica Lancet,A2619
Sookh Kaur,A2620
Harper West,A2621
Bianca Cole,A2622
Allie Brahms,A2623
J. Wilder,A2624
Thendral தென்றல்,A2625
Alexia Mantzouranis,A2626
C.R. Jane,A2627
கார்த்திக்  எஸ் ,A2628
Avina St Graves,A2629
Rosa Lucas,A2630
Amy Deepz,A2631
Nelia Alarcon,A2632
Monica Murphy,A2633
பத்மினி  நாராயணன்,A2634
Kia Carrington-Russell,A2635
Sonja Grey,A2636
Olivia Thorn,A2637
Carian Cole,A2638
A. Zavarelli,A2639
Ruchi Singh,A2640
Cate C. Wells,A2641
Tessa Lilly,A2642
Lisa Lovell,A2643
Charlie N. Holmberg,A2644
K. M. Shea,A2645
A.  Zavarelli,A2646
Jagger Cole,A2647
Arianna Fraser,A2648
J Bree,A2649
அதியா ADHIYA,A2650
மகா  மணி ,A2651
Sowndharya cheliyan,A2652
Ezhil Anbu,A2653
Stephanie Archer,A2654
BHAVANA SINGH,A2655
padma grahadurai,A2656
Vanmathy Hari,A2657
தர்ஷா  ராஜ்,A2658
மேக வாணி Megavani,A2659
Swathi Lakshmi சுவாதி லக்ஷ்மி,A2660
Olivia Hayle,A2661
Pippa Grant,A2662
Alisha Kay,A2663
Aahaana M,A2664
Amelie Rhys,A2665
Sandy Barker,A2666
Dream Writer,A2667
Shobana  Mahadevan,A2668
யாஷ்  கார்முகில் ,A2669
Sai Vignana  Sindhu,A2670
SIRIN  FATHIMA,A2671
Emily Brontë,A2672
Zoey Draven,A2673
Victoria Aveline,A2674
Loki Renard,A2675
Regine Abel,A2676
L.V. Lane,A2677
Luna Kingsley,A2678
Anna Hackett,A2679
Pepper North,A2680
Rebecca Quinn,A2681
Chloe Archer,A2682
Presley Hall,A2683
Ruby Dixon,A2684
Layla Fae,A2685
C.M. Stunich,A2686
Ivy Barrett,A2687
Evie  Burks ,A2688
Lee Savino,A2689
Ursa Dax,A2690
Honey Phillips,A2691
Suzanne Wright,A2692
Evangeline Anderson,A2693
John Marrs,A2694
Talia Rhea,A2695
ஸ்ரீ  லதா ,A2696
Anna Carven,A2697
Olympia Black,A2698
Gareth Brown,A2699
Aya Morningstar,A2700
Lilian Monroe,A2701
MIMI WILDE,A2702
Meghan Quinn,A2703
Kelly Elliott,A2704
Kristen Proby,A2705
L. L. Ash,A2706
Micalea Smeltzer,A2707
Roxanne Tully,A2708
Adriana Locke,A2709
K.L. Kreig,A2710
Aly Martinez,A2711
Jennifer Bardsley,A2712
Susan Elizabeth Phillips,A2713
I. A.  Dice,A2714
I. A. Dice,A2715
Jessica Prince,A2716
Willow  Aster,A2717
Evelyn Adams,A2718
Corinne Michaels,A2719
Lucy Lennox,A2720
Emily McIntire,A2721
Devney Perry,A2722
Brit  Benson,A2723
Andal  Arugan,A2724
Andal Arugan,A2725
Ritika Aastha,A2726
Meghan  Quinn,A2727
Lulu Moore,A2728
Julia Connors,A2729
Avery Keelan,A2730
C.L. Rose,A2731
Stephanie Alves,A2732
Lauren Asher,A2733
Ki Stephens,A2734
Amy Award,A2735
Avery  Keelan ,A2736
R.A. Smyth,A2737
Becka Mack,A2738
Laura Pavlov,A2739
J.  Saman,A2740
C.R.  Jane,A2741
Emma St. Clair,A2742
Ellie K. Wilde,A2743
Erin MacKenzie,A2744
Jennifer Sucevic,A2745
Jenna Hartley,A2746
SJ Sylvis,A2747
Rebecca Jenshak,A2748
Angel Lawson,A2749
Andi Jaxon,A2750
Lucy Score,A2751
Stephanie Brother,A2752
R. O.  Lane,A2753
Holly Rayner,A2754
Mrs Claire,A2755
Joan Farraneau,A2756
John Deacon,A2757
Lilah Rivers,A2758
Laylah Roberts,A2759
Laura  Pavlov,A2760
Lena Hendrix,A2761
Marie Johnston,A2762
Kris Michaels,A2763
Frank Wheeler,A2764
D.M. Haggard,A2765
Brooke  Montgomery,A2766
Ava Hunter,A2767
Ashley Munoz,A2768
Hope Ford,A2769
Viveki Rai,A2770
Deba,A2771
Tory Baker,A2772
Priya Vinoth ,A2773
அ. மோகனா  மணிகண்டன் ,A2774
L. M.  Dalgleish,A2775
சத்யா  குமார் ,A2776
சித்ரா  ஹரிதாஸ் ,A2777
வதனி பிரபு,A2778
Ananthara அனந்தரா,A2779
Ashish Gupta,A2780
Shivdas Editorial,A2781
Commander RS Rathore (retd.),A2782
The Diwalipura Youth,A2783
Sudha Rastogi,A2784
Sunil Jangra,A2785
Adda247 Publications,A2786
M Tyra,A2787
Suresh Jokta And Vikash KUmar,A2788
P.V.THORAT,A2789
Dharamveer Bharti,A2790
Ric Pimentel Terry Wall,A2791
David Sang,A2792
Helen Reynolds,A2793
Peter Lucantoni,A2794
Lynn Byrd,A2795
Fiona Baxter,A2796
David Watson,A2797
Cherri Moseley,A2798
Alastair Duncombe,A2799
Marian Cox,A2800
Jon Board,A2801
Heather Kennett,A2802
MAHABIR SINGH,A2803
Trishna,A2804
Radian Book Company,A2805
ZARRIN ALI KHAN,A2806
ANIL AHLAWAT,A2807
RAGHAV SINGH,A2808
PALLAVI AGGRAWAL,A2809
Prashant Jain,A2810
Dr Deepak Chopra,A2811
Pranav Kumar,A2812
Singh,A2813
Bill Gifford,A2814
Pranav Kumar & Usha Mina,A2815
Giulia Enders,A2816
Vishram Singh,A2817
Cat Bohannon,A2818
POTTURI G,A2819
Anita Sehgal,A2820
Verma P.S.,A2821
Shubhangini A Joshi,A2822
R C Dubey,A2823
MADHYASTHA S.,A2824
Meher Wan,A2825
Dr. Swapnil Yadav,A2826
Dr. Ritabrata Banerjee,A2827
Frank H. Netter MD,A2828
Rajesh K Kaushal,A2829
Ed Yong,A2830
The Princeton Review,A2831
Naveen Kango,A2832
Rahul Phate,A2833
Poorva Joshipura,A2834
Balakrishna Shetty,A2835
Mark Levesley,A2836
Shankar IAS Academy,A2837
Gary S. Thorpe M.S.,A2838
Carl Sagan,A2839
Author Sam Bentley,A2840
R. S. Khandpur,A2841
Mark Maslin,A2842
Adegbola Ojo,A2843
PURNIMA DAS,A2844
W. David Yates,A2845
Keya Acharya,A2846
Dr. Sanjay Kumar Batra,A2847
Lyanda Lynn Haupt,A2848
T. Biswas,A2849
Stan Cox,A2850
Carlo Ratti,A2851
David Cooper,A2852
Gino Segre,A2853
SPARLING,A2854
Tim Spector,A2855
lndu Tucker Sidhwani,A2856
Martin J. Ossewaarde,A2857
R Rajagopalan,A2858
JS RaviChandra,A2859
A K Singh,A2860
Kanwaljit Kaur,A2861
Dr. M Karpagam,A2862
Vishwas Bhave,A2863
"Manisha Kar, Mausumi |  Mukhopadhyay, Jayita |  Deb Sarkar",A2864
RANGARAJAN,A2865
Matthew Prescott,A2866
Theodor Schwenk,A2867
Madhav Gadgil,A2868
Sumei Zhang,A2869
James Lovelock,A2870
Sp Singh Js Singh,A2871
N. Ahmed ,A2872
Bill Bryson,A2873
Rajaram Vasudevan,A2874
Asad R. Rahmani,A2875
Ezra Rashkow,A2876
Dr. Anil K. Thakur,A2877
Y.K. Singh,A2878
Ella Kokotsis,A2879
Oliver Franklin-Wallis,A2880
G. Miller,A2881
Jason Smerdon,A2882
Wayne G. Landis,A2883
Dhaval Bathia,A2884
SL Loney,A2885
Hall & Knight,A2886
Amit M Agarwal,A2887
Mohit Goyal,A2888
David Deutsch,A2889
TENNENT,A2890
Dr. S K Goyal,A2891
IFAS Publications,A2892
V Krishnamurthy,A2893
Arthur Benjamin,A2894
Sameer Bansal,A2895
Jagadguru Swami Sri Bharati Krishna Tirthaji Maharaja,A2896
Indian Statistical Institute,A2897
Shashikant Konkar,A2898
G N Berman,A2899
NCRT,A2900
S L Loney,A2901
PixelPage Publications,A2902
HS Hall & SR Knight,A2903
Dr. B.S.Grewal,A2904
Dr. SK Goyal,A2905
James Gleick,A2906
Rajesh Verma,A2907
Sheldon Ross,A2908
V. Govorov| P. Dybov| N. Miroshin|S. Smirnova,A2909
H.S. Hall,A2910
David M. Burton,A2911
A Das Gopal,A2912
Kenneth M Hoffman,A2913
Ramanand Thakur,A2914
Carlo Rovelli,A2915
Kelsey Oseid,A2916
Brian Greene,A2917
Vinod Kumar Mishra,A2918
Michael Dine,A2919
Hans Reichenbach,A2920
Ann Druyan,A2921
Brian Cox,A2922
Richard P Feynman,A2923
Carolyn Collins Petersen,A2924
Nicolaus Copernicus,A2925
Ram Babu Sao,A2926
Gott,A2927
Graham Hancock,A2928
Terry Virts,A2929
Martin Rees,A2930
Professor Brian Cox,A2931
Sally R. Ball,A2932
Nilesh Nilkanth Oak,A2933
British British Library,A2934
Flavio Salvati,A2935
Robin Ince,A2936
Avis Lang,A2937
Charles Darwin,A2938
David A. Sinclair,A2939
Dr Anna Lembke,A2940
Paul Kalanithi,A2941
Deepmala Katiyar,A2942
Usha Mina Pranav Kumar,A2943
Siddhartha Mukherjee,A2944
Matthew Walker,A2945
Michael Goldstrom,A2946
David Eagleman,A2947
Steven Kotler,A2948
Philipp Dettmer,A2949
Arvind Sahay,A2950
Ann Swanson MS  C-IAYT  LMT  E-RYT500,A2951
Anna Lembke,A2952
Daniel Lieberman,A2953
Robin Wall Kimmerer,A2954
Brian Klaas,A2955
Dave Asprey,A2956
Pilot One,A2957
Monisha Rajesh,A2958
The Pilot,A2959
D. R. Bailey,A2960
Kerry McCauley,A2961
Arun Pratap Golaya,A2962
Michael Connelly,A2963
Christina Thompson,A2964
Matthew Reilly,A2965
Ercole Colombo,A2966
Dava Sobel,A2967
Alfred Lansing,A2968
Chris Hadfield,A2969
Mohit  kumar,A2970
Nathaniel Philbrick,A2971
evo Magazine,A2972
Deb Chachra,A2973
Capt. Vincent Fernandes,A2974
Gary Inman,A2975
Wilhelm Leutzbach,A2976
James P. Womack,A2977
SHANKAR DAS,A2978
Bruce LaFontaine,A2979
Anna Revell,A2980
Douglas Brinkley,A2981
Barrett Williams,A2982
Susan Goodman,A2983
Bruce Henderson,A2984
Daniel White,A2985
David McCullough,A2986
Richard P. Feynman,A2987
Rand Simberg,A2988
Kishore Biyani,A2989
Hans Rosling,A2990
Nadeem Hasnain,A2991
Barry Schwartz,A2992
Merryl Wyn-Davis,A2993
Ramachandra Guha,A2994
Dr Kripa R Nautiyal,A2995
Farah Bashir,A2996
David Graeber,A2997
Malcolm Gladwell,A2998
Sudeep Chakravarti,A2999
Michelle Obama,A3000
Ajay K Pandey,A3001
Michelle Zauner,A3002
Sangeeta Barooah Pisharoty,A3003
Rebecca Skloot,A3004
Frantz Fanon,A3005
Angela Y. Davis,A3006
Sudha Pai,A3007
Sei Shonagon,A3008
Harischandra Sahoo,A3009
Huey P. Newton,A3010
Yengde Suraj,A3011
Anand Teltumbde,A3012
Dee Brown,A3013
MALCOLM X,A3014
Ziauddin Sardar,A3015
Brian A. Hatcher,A3016
Sudhir Kakar,A3017
James Baldwin,A3018
Alex Haley,A3019
M. R. Sharan,A3020
Ari Sitas,A3021
Sheela Tomy,A3022
Vanita Rattan,A3023
Hafsa Lodi,A3024
Deepa Sreenivas,A3025
Abhishek Kumar,A3026
Samuel Beal,A3027
A. G. Noorani,A3028
Veena Das,A3029
Dr. Mishra,A3030
A. Noorani,A3031
Essar Batool,A3032
Hua Hsu,A3033
bell hooks,A3034
Azad Essa,A3035
Samanth Subramanian,A3036
Prof Michael Stausberg,A3037
J.V. Vilanilam,A3038
Satish Saberwal,A3039
Paulson Pulikottil,A3040
Monika Bhatti,A3041
Sreenivasan Jain,A3042
Meeran Chadha Borwankar,A3043
C.R. Kothari,A3044
Mahatma Ramratna Thapaliyal Translated from the Original Hindi by Rupa Srikumar and A. K. Srikumar,A3045
Nilakantan RS,A3046
Dr. Prajakta Tanksale,A3047
K'sagar,A3048
Johann Hari,A3049
Malavika Kapur,A3050
Maxwell Baxter,A3051
M. I. Rajasve,A3052
Mangal S.K,A3053
Devashish Dhar,A3054
Manisha Mathur,A3055
Amit Lodha,A3056
Rakesh Sharma Nishith,A3057
Lisa Greer,A3058
"FBA Sen, Amartya",A3059
DATTOPANT THENGADI,A3060
Eva A. Mendes,A3061
Moradabad Smart City Limited,A3062
Gavin de Becker,A3063
Linda Goodman,A3064
Bishnu Mohan Dash,A3065
Manjari Jaruhar,A3066
Badri Narayan,A3067
Anand Ranganathan,A3068
A P J  Abdul Kalam,A3069
Garmus Bonnie,A3070
Ichiro Kishimi,A3071
John Gray,A3072
Amitav Ghosh,A3073
B. Ambedkar,A3074
Margaret Atwood,A3075
Venkataraghavan Subha Srinivasan,A3076
Bonnie Garmus,A3077
Rius Rius,A3078
Jim Afremow,A3079
Heinrich Harrer,A3080
Arunima Sinha,A3081
Nimsdai Purja,A3082
Clint Hammerstrike,A3083
Christopher Mcdougall,A3084
Editors of Sports Illustrated,A3085
Dave Canterbury,A3086
Adharanand Finn,A3087
Donnie Eichar,A3088
Levison Wood,A3089
Jon Krakauer,A3090
Mark Wilson,A3091
Piers Paul Read,A3092
Clint Emerson,A3093
David Miller,A3094
April Stride,A3095
Erling Kagge,A3096
Scott Jurek,A3097
Jessica Howard,A3098
Gaynor Barton,A3099
Amby Burfoot,A3100
Kavitha Yaga Buggana,A3101
Anu Vaidyanathan,A3102
Matt Fitzgerald,A3103
Stephen Alter,A3104
Dr. Nicole Apelian,A3105
Jane Worroll,A3106
Bear Grylls,A3107
Brad Hudson,A3108
Maurice Herzog,A3109
Mark Broadie,A3110
Meb Keflezighi,A3111
Christopher Eric McDougall Orton,A3112
Scott Parazynski,A3113
John ‘Lofty’ Wiseman,A3114
UMESH ZIRPE,A3115
Ankit Babu Adhikari,A3116
Dr Rangan Chatterjee,A3117
Jason Hanson,A3118
Dr Qing Li,A3119
CAPT M.S. KOHLI,A3120
Christopher McDougall,A3121
Norris Pritam,A3122
Steve Bennett,A3123
Danny Dreyer,A3124
Pat Manocchia,A3125
Amit Sheth,A3126
Usain Bolt,A3127
James Atkinson,A3128
Rakeysh Omprakash Mehra,A3129
Bret Contreras,A3130
Hiroaki Tanaka,A3131
Freddie Masterson,A3132
Donald A. Chu,A3133
Chris Napier,A3134
Adam Sinicki,A3135
Aurora Adams,A3136
Robert Donelson,A3137
Mark Klion,A3138
John Cooper,A3139
Rich Roll,A3140
Austin Current,A3141
Glen Cordoza,A3142
Dean Karnazes,A3143
Rachael Denhollander,A3144
John Shepherd,A3145
Elvis Tabron,A3146
Dean Pohlman,A3147
Steve Magness,A3148
Bishweshwar Nandi,A3149
Diana Tracy Cohen,A3150
Basu  Shanker,A3151
Dr. Aaron Horschig,A3152
Alistair Brownlee,A3153
Mat Fraser,A3154
Bill Pierce,A3155
David Whitsett,A3156
SHOM BISWAS TITASH BANERJEA,A3157
Peter Philpott,A3158
Ray_ai7,A3159
AkuMaou,A3160
KINAPOKON,A3161
efuyamashobo,A3162
AI Maker,A3163
Blonde beauty cosplay photo studio Ai,A3164
Komatsu Shuji,A3165
Ian Pont,A3166
Champ JKFan,A3167
YUN ASADA,A3168
Vijay Lokapally,A3169
AI Japan Beautiful Breast College,A3170
Anindya Dutta,A3171
NACHI Rainbow,A3172
mossaki,A3173
Miyamoto Musashi,A3174
iyashi AI,A3175
AI Bishojo Self-sufficiency,A3176
arioka,A3177
AIDreamFactory,A3178
haruyama ai,A3179
English Bowling Association,A3180
Andrew Farago,A3181
KENICHI,A3182
Julie Halliday,A3183
John Bell,A3184
kinaco,A3185
Blonde beauty photo studio Ai,A3186
Nikaido Yutaka,A3187
Muscle Photographer Nobi,A3188
Miyahata Michiko,A3189
AI Beauty and AI Gravure Laboratory,A3190
MRINAL CHANDRA DEB,A3191
Megan Abbott,A3192
Ravi Manav,A3193
Paul Martin,A3194
Charles E. Stuart,A3195
Alton Skinner,A3196
Shinamon,A3197
aokuma,A3198
AOYAMA,A3199
Susan Style,A3200
Chirakkal T. Sreedharan Nair,A3201
Shannon Lee,A3202
Tommy Cariole,A3203
Satyananda Saraswati,A3204
Mantak Chia,A3205
Yip Chun,A3206
Phil Pierce,A3207
D E Tarver,A3208
Simon Hiroke,A3209
Emanuel Giordano,A3210
Dr. K. Jothi Senthil Kannan,A3211
Darren Levine,A3212
Charles Bronson,A3213
Michael Parkinson,A3214
Suman Nalwa,A3215
Mike Tyson,A3216
Jules  Morel,A3217
Rudraneil Sengupta,A3218
Bruce Lee,A3219
Chael Sonnen,A3220
Morihei Ueshiba,A3221
Tom Hill,A3222
Guy Evans,A3223
Eugen Herrigel,A3224
Daniele Bolelli,A3225
Zhang Wei Ming (张伟明),A3226
Sundaresan Bharat,A3227
Sachin Tendulkar,A3228
Ayaz Memon,A3229
Yuvraj Singh,A3230
Sunil Gavaskar,A3231
Wasim Akram,A3232
Kalyan B. Bhattacharyya,A3233
W.V. Raman,A3234
Rajanikanth Muppalla,A3235
Neeraj Kumar,A3236
Sakshama Puri Dhariwal,A3237
Gulu Ezekiel,A3238
"S Raghunath,V.J, Giridhar",A3239
Nikhil Naz,A3240
Mihir Bose,A3241
Suprita Das,A3242
Vaibhav Purandare,A3243
Nicholas Brookes,A3244
FAF DU PLESSIS,A3245
Pranav Jain,A3246
Nathan Leamon,A3247
Raina Suresh With Sundaresan Bharat,A3248
Ravi Shastri,A3249
Soumarghya Banerjee,A3250
Sir Ian Botham,A3251
Gagan  Suryawanshi,A3252
Mark Wood,A3253
PK PANDEY,A3254
Bharat Sundaresan,A3255
Abhirup Bhattacharya,A3256
Reatha Bain,A3257
Venkat Sundaram,A3258
Ratnakar Shetty,A3259
A B de Villiers,A3260
Rajdeep Sardesai,A3261
Dr. R. Ambast,A3262
Chris Waters,A3263
Dr. Jully Ojha,A3264
Aditya Bhushan,A3265
V. Raghunathan,A3266
Phil Burt,A3267
Lance Armstrong,A3268
Richard Moore,A3269
Charlie Walker,A3270
Joe Friel,A3271
Matt  Fitzgerald,A3272
DK Eyewitness,A3273
Christopher J. Case,A3274
Cristina Spínola,A3275
Srinivas Gokulnath,A3276
Mark Beaumont,A3277
Charley Boorman,A3278
Ann Wilson,A3279
Malcolm Folley,A3280
Ben Hewitt,A3281
Jody Rosen,A3282
George Mahood,A3283
Roff Smith,A3284
Per J Andersson,A3285
Alan Murchison,A3286
Joe  Friel,A3287
Luke Edwardes-Evans,A3288
Cyclop,A3289
Max Leonard,A3290
Michael Barry,A3291
Sara Dykman,A3292
Dan Golding,A3293
Robert Penn,A3294
Will Jones,A3295
Mike Carden,A3296
Jedidiah Jenkins,A3297
Gustavo Ponce,A3298
Lennard Zinn,A3299
Chris Amstrong,A3300
Dean Nicholson,A3301
Aaron Webster,A3302
Robert Dineen,A3303
Yashaswini Chandra,A3304
Elwyn Hartley Edwards,A3305
Laura Hillenbrand,A3306
Draper Judith Sly Debbie & Muir Sarah,A3307
Richard Laws,A3308
Felix Francis,A3309
Dick Francis,A3310
D Magner,A3311
Tim Severin,A3312
Edgar Prado,A3313
Britta Schöffmann,A3314
m mani kandan,A3315
Karen D. David,A3316
Carmen D. Tozzi,A3317
Sam O'Brien,A3318
David Hamer,A3319
Annette Paterakis,A3320
The Golden Retriever Circle,A3321
Samantha Fletcher,A3322
Susan Kauffmann,A3323
Charlotte Dujardin,A3324
Lynn Deas,A3325
Donna Snyder-Smith,A3326
Matt Dickinson,A3327
Kara Benson,A3328
Chloe Phillips-Harris,A3329
Kristin Lee,A3330
Kelly Kelsey,A3331
Cameron Hanes,A3332
Joshua Mathew,A3333
Sudhir Raizada,A3334
Kenneth Anderson,A3335
Stephen W Archer,A3336
Dane Huckelbridge,A3337
Jeremy Wade,A3338
PKS,A3339
Rick Sapp,A3340
Corbett Jim,A3341
D. T. Fletcher,A3342
Massad Ayoob,A3343
John Vaillant,A3344
Viz Belfort,A3345
Trevor Clinger,A3346
Jonathon G. Ruffer,A3347
Craig White,A3348
Hari Prakash,A3349
Colonel Townsend Whelen,A3350
Sonu Kumar,A3351
Matthew Dermody,A3352
Andrew Tarasio,A3353
Miriam Lancewood,A3354
Tim Winton,A3355
National Park Foundation,A3356
Lewis C. Lin,A3357
Dr. Eulalia Lark,A3358
Brandi  Humphrey,A3359
GRAYSON SHANE,A3360
Bhupender Singh,A3361
Nareda Stepilor,A3362
Smith J.  Offor,A3363
Isaac Kal,A3364
Charlotte Gibbs,A3365
Laura  Gates,A3366
Lucas  James,A3367
Jason Hazeley,A3368
Geva Mentor,A3369
Lana McCarthy,A3370
Ray Martin,A3371
Roy Chisholm,A3372
Walter Tevis,A3373
Ronnie O'Sullivan,A3374
David Horrix,A3375
Naval Kishore,A3376
Clive Everton,A3377
Andrew Highfield,A3378
Dilson Silveira,A3379
Stephen Hendry,A3380
Phil Capelle,A3381
Paul Scott,A3382
Paul Rodney Turner,A3383
Robert Byrne,A3384
Violet Morley,A3385
Daniel L. Bray,A3386
Alisscia B,A3387
J.E. Ford,A3388
Taylor  Reed,A3389
Bakang T.  Conor,A3390
Valerie R. Alston,A3391
Michael McCree,A3392
Cade Hill,A3393
Gary leland,A3394
Ken Xiao,A3395
Daniel James Brown,A3396
Michael Cox,A3397
Alex Ferguson,A3398
Viswanathan Susan Anand Ninan,A3399
Tifo - The Athletic,A3400
Owen Eastwood,A3401
Michael Phelps,A3402
Philippe Auclair,A3403
Amy Lawrence,A3404
Chris Bradshaw,A3405
Keith Ferrazzi,A3406
Nick Hoult,A3407
JOHN CROSS,A3408
Sid Lowe,A3409
Steven G. Mandis,A3410
Josh Williams,A3411
Eduardo Galeano,A3412
Rory Smith,A3413
James Milner,A3414
Tom Victor,A3415
Rob Wilson,A3416
n ADNERSON,A3417
Tom Daley,A3418
Tim Wigmore,A3419
Simon Lister,A3420
Jimmy Anderson,A3421
Simon Kuper,A3422
Jonathan Wilson,A3423
Amrit Mathur,A3424
Boria Majumdar,A3425
Abhinav Bindra,A3426
Harriet Beveridge,A3427
Zlatan Ibrahimovic,A3428
Elmar Neveling,A3429
W Timothy Gallwey,A3430
Andre Agassi,A3431
J Bains,A3432
Prof Steve Peters,A3433
(Journalist) David Epstein,A3434
Timothy Ferriss,A3435
Michael Matthews,A3436
Kobe Bryant,A3437
Guillem Balague,A3438
Matthew Syed,A3439
Bill Walsh,A3440
Sivananda Yoga Vedanta Centre,A3441
Mark Rippetoe,A3442
Tim S. Grover,A3443
Derek O'Brien,A3444
Unknown,A3445
W. Timothy Gallwey,A3446
Dave Randolph,A3447
Tom Brady,A3448
Adam Peaty,A3449
Chad Wesley Smith,A3450
James Wilson,A3451
Pete Sampras,A3452
Mick Southerland,A3453
Brad Walker,A3454
Juliet Starrett,A3455
Kapil Arora,A3456
Terry Laughlin,A3457
Don Fink,A3458
Fares Ksebati,A3459
Taren Gesell,A3460
Philip Maffetone,A3461
Jeff Horowitz,A3462
Louise Minchin,A3463
Ross Edgley,A3464
Gary Mack,A3465
CS SPORT,A3466
Surendra Shrivastava,A3467
Alan Goldsher,A3468
DAVID GREAT LUIZ,A3469
Sagar Kale,A3470
Jennifer Lane,A3471
Vance Hawkins,A3472
KJ Smith,A3473
Sagar  Kale,A3474
Ezinne Love,A3475
Goro Aizome,A3476
Bonnie Kennedy,A3477
LOWE TENESHA,A3478
Katie Holmes,A3479
Pete Waite,A3480
M C RAMAN,A3481
K.C. Shekar,A3482
Glenn D. Jefferson,A3483
Sloane St. James,A3484
Kandi  Steiner,A3485
Kenna King,A3486
HANNAH GRACE,A3487
MJ  Fields,A3488
Ruth Ware,A3489
Ruby  Wolff,A3490
Haley Storm,A3491
Susan Renee,A3492
Kris Butler,A3493
Delancey Stewart,A3494
Sienna Judd,A3495
"Jon Garden, Graeme,Brooke-Taylor, Tim,Cryer, Barry,Naismith",A3496
MJ Fields,A3497
Hannah Cowan,A3498
Livvy Stone,A3499
Sarah Pearse,A3500
K.A. Tucker,A3501
Roxanne  Steele,A3502
Crea Reitan,A3503
Akim Aliu,A3504
Nicole Casey,A3505
Tom Ellen,A3506
Jacob Chance,A3507
Paris Wynters,A3508
Yayoi Ogawa,A3509
Remi  Rose,A3510
Andy Tyson,A3511
Nikhil Gulati,A3512
Karen Blumenthal,A3513
Kaveen Sivakumar,A3514
Anna Claybourne,A3515
Arden Rose,A3516
N.K. SHRIVASTAV,A3517
Anwesha Sengupta,A3518
Robin Ha,A3519
Bryan Stevenson,A3520
Siddharth. BH,A3521
Jennifer Berne,A3522
Rik Hoskin,A3523
Trent Shelton,A3524
George Takei,A3525
Isabel Sanchez Vegara,A3526
Alice Oseman,A3527
Lan Chan,A3528
Billie Eilish,A3529
Anthony Hope,A3530
Joeanna Rebello Fernandes,A3531
Jamie Heal,A3532
Diana Kapp,A3533
Mamta Mehrotra,A3534
MD SUMER SETHI,A3535
Budding Brains Books,A3536
Prakhar Kundan,A3537
Melanie Hamm,A3538
Lynda Blackmon Lowery,A3539
Cara J. Stevens,A3540
Adeline Yen Mah,A3541
Tracy Kidder,A3542
IAS Dr. Heera Lal,A3543
Alok Vaid-Menon,A3544
Emily Hibbs,A3545
Vetrimaran|வெற்றி மாறன்,A3546
Taran Matharu,A3547
Deborah Heiligman,A3548
Farah Sultan Aditya Raj ,A3549
Educart,A3550
H.C. Verma,A3551
Chandra Soumya,A3552
Gagan Pratap Sir,A3553
"SK Singh, Geetika Khanna , Dr. Kanchan Upreti Amit Rastogi ,",A3554
Vinod Kumar Tiwari Dr. Manju Tiwari ,A3555
Rachna Bisht Rawat,A3556
National Geographic Kids,A3557
Medha Deshmukh Bhaskaran,A3558
Mini Menon,A3559
Xiran Jay Zhao,A3560
E. H. Gombrich,A3561
Kiera Cass,A3562
Vaishali Shroff,A3563
Alan Cowsill,A3564
Cynthia Murphy,A3565
Deborah Ellis,A3566
Ben Walsh,A3567
Steve Jackson,A3568
Sandeep Unnithan,A3569
C. S. Pacat,A3570
Yasmin Khan,A3571
Michael Morpurgo,A3572
Traci Chee,A3573
Albert Algoud,A3574
Dominic Sandbrook,A3575
Kate Pankhurst,A3576
Scholastic,A3577
Zac Sangeeth,A3578
BENJAMIN HARRISON,A3579
B.R. Ambedkar,A3580
Lex Croucher,A3581
Splendid Youth,A3582
Gareth Chris Moore Dickason,A3583
Wayne Gould,A3584
Mojang AB,A3585
Andy Tudor,A3586
Baby Professor,A3587
Zoubir King,A3588
Aarrpature Publication,A3589
Khanna,A3590
Bakshi Anand Rakesh,A3591
Elliot Carruthers,A3592
Michellejoy Hughes,A3593
Lynn Painter,A3594
John Green,A3595
Lauren Roberts,A3596
Neka  Shah,A3597
Mercedes Ron,A3598
Emily Lockhart,A3599
Zoulfa Katouh,A3600
Jenny Han,A3601
B E  WAKEFORD,A3602
Elise Kova,A3603
Cassandra Clare,A3604
Hafsah Faizal,A3605
BARDUGO LEIGH,A3606
Dustin Thao,A3607
Rainbow Rowell,A3608
Sher Lee,A3609
Ananya Devarajan,A3610
Bea Fitzgerald,A3611
Laura Nowlin,A3612
Fortune Hill Publishing,A3613
Suzanne Collins,A3614
J.M. Clarke,A3615
Takashi Yano,A3616
Stephenie Meyer,A3617
BLACK HOLLY,A3618
Elaine Cherian,A3619
Manmeet Narang,A3620
J. K. Rowling,A3621
Mary E. Pearson,A3622
Victoria Aveyard,A3623
Chris Colfer,A3624
SEAN COVEY,A3625
Andy Griffiths,A3626
Jennifer Niven,A3627
Aisling Fowler,A3628
L. M. Montgomery,A3629
Tara Kaushal,A3630
Anna Llenas,A3631
Roger Hargreaves,A3632
Amber Smith,A3633
Nicola Yoon,A3634
Oswal - Gurukul,A3635
"Aman Kumar Rudraksh Tripathi , Abhishek Jain, Piyush Kaushik , Anand Raj Deb , Prabhat Sharma ",A3636
Keshav Mohan,A3637
"Reetika Gulati Indu Gupta , Avantika Trivedi ",A3638
Sagar Verma Laxman Prasad ,A3639
"Anurag Chaudhary Rahul kumar , Pooja Yadav ",A3640
Gaurav Suthar,A3641
Xamidea Editorial Board,A3642
Abhay Saini,A3643
Ankesh kumar Singh,A3644
"Brijesh Dwivedi Er. Prem Kumar , Jitendre Gupta ",A3645
Dr. N.K. Natarajan,A3646
A.K Satogiya Dharmendra Singh ,A3647
"Rashmi Gupta Heena Sharma , Shubhankar Vats ",A3648
Neetu Gaikwad,A3649
"Pallavi Priya Hema Batra , Pridhi Bhatia ",A3650
Prashant Kirad,A3651
Sapna Sharma,A3652
Seema Verma,A3653
S C Gupta,A3654
Team Drishti,A3655
Digraj Singh Rajput,A3656
MD Shadab Juhi Bhatia ,A3657
DC Pandey,A3658
Sanjeev Kumar,A3659
Mansi Sharma Jyoti Singh,A3660
Farah Sultan Madhumita Pattrea ,A3661
Michael Easter,A3662
Lingo Mastery,A3663
MRM Publications,A3664
Dan Akiyama,A3665
Discover Planet Editorial Team,A3666
Pranay Lal,A3667
Savi Munjal,A3668
Jonathan Clements,A3669
Kanakalatha Mukund,A3670
Jessica Gee,A3671
Nanjala Nyabola,A3672
Lindsay Brown,A3673
Anthony Ham,A3674
Saransh Goila,A3675
Sarina Singh,A3676
Lonely Planet,A3677
Jacqueline Lecanuet,A3678
Rolf Potts,A3679
Engage Books (Activities),A3680
Jessica Lee,A3681
Mark Baker,A3682
Conor Knighton,A3683
Pauline Frommer,A3684
Anirban Mahapatra,A3685
Insight Travel Guide,A3686
Andrew Bain,A3687
